name,id,home,team,pos,defense_ast,defense_ffum,defense_frec,defense_frec_tds,defense_frec_yds,defense_int,defense_int_yds,defense_pass_def,defense_qbhit,defense_sk,defense_sk_yds,defense_tds,defense_tkl,defense_tkl_loss,defense_tkl_primary,fumbles_forced,fumbles_lost,fumbles_notforced,fumbles_rcv,fumbles_rec,fumbles_rec_yds,fumbles_tot,fumbles_trcv,fumbles_yds,kicking_fga,kicking_fgm,kicking_fgm_yds,kicking_fgmissed,kicking_fgmissed_yds,kicking_fgyds,kicking_i20,kicking_rec,kicking_tot,kicking_totpfg,kicking_touchback,kicking_xpa,kicking_xpb,kicking_xpmade,kicking_xpmissed,kicking_xptot,kicking_yds,kickret_avg,kickret_fair,kickret_lng,kickret_ret,kickret_tds,kickret_yds,passing_att,passing_cmp,passing_cmp_air_yds,passing_incmp,passing_incmp_air_yds,passing_int,passing_ints,passing_sk,passing_sk_yds,passing_tds,passing_twopta,passing_twoptm,passing_yds,penalty,penalty_yds,punting_avg,punting_i20,punting_lng,punting_pts,punting_tot,punting_touchback,punting_yds,puntret_avg,puntret_fair,puntret_lng,puntret_ret,puntret_tds,puntret_tot,puntret_yds,receiving_lng,receiving_rec,receiving_tar,receiving_tds,receiving_twopta,receiving_twoptm,receiving_yac_yds,receiving_yds,rushing_att,rushing_lng,rushing_tds,rushing_twopta,rushing_twoptm,rushing_twoptmissed,rushing_yds
F.Jones,00-0026162,yes,DAL,,,,,,,,,,,,,,,,,,,,,,,,,,,,,,,,,,,,,,,,,,,14,,15,2,0,29,,,,,,,,,,,,,,,,,,,,,,,,,,,,,,30,1,2,0,0,0,35,30,16,73,1,0,0,,148
D.Akers,00-0000108,no,PHI,,,,,,,,,,,,,,,,,,,,,,,,,,0,0,,,,0,3,,3,0,,2,0,2,0,2,206,,,,,,,,,,,,,,,,,,,,,,,,,,,,,,,,,,,,,,,,,,,,,,,,,,
S.Jones,00-0022844,no,PHI,,0,0,,,,0,,,,0,,,3,,,,,,,,,,,,,,,,,,,,,,,,,,,,,,,,,,,,,,,,,,,,,,,,,,,,,,,,,,,,,,,,,,,,,,,,,,,,,,
K.Kosier,00-0021348,yes,DAL,,,,,,,,,,,,,,,,,,,,,,,,,,,,,,,,,,,,,,,,,,,,,,,,,,,,,,,,,,,,,,1,5,,,,,,,,,,,,,,,,,,,,,,,,,,,,,
M.Barber,00-0023544,yes,DAL,,,,,,,,,,,,,,,,,,,,,,,,,,,,,,,,,,,,,,,,,,,,,,,,,,,,,,,,,,,,,,,,,,,,,,,,,,,,,,,,,,,,,,3,3,0,0,0,,4
W.Witherspoon,00-0021085,no,PHI,,1,0,,,,0,,1,,0,,,5,,,,,,,,,,,,,,,,,,,,,,,,,,,,,,,,,,,,,,,,,,,,,,,,1,15,,,,,,,,,,,,,,,,,,,,,,,,,,,,,
M.Patterson,00-0023466,no,PHI,,4,0,,,,0,,,,0,,,3,,,,,,,,,,,,,,,,,,,,,,,,,,,,,,,,,,,,,,,,,,,,,,,,,,,,,,,,,,,,,,,,,,,,,,,,,,,,,,
A.Samuel,00-0021956,no,PHI,,0,0,,,,0,,,,0,,,4,,,,,,,,,,,,,,,,,,,,,,,,,,,,,,,,,,,,,,,,,,,,,,,,1,15,,,,,,,,,,,,,,,,,,,,,,,,,,,,,
T.Romo,00-0021678,yes,DAL,QB,,,,,,,,,,,,,,,,,,,,,,,,,,,,,,,,,,,,,,,,,,,,,,,,35,23,88,12,84,,0,2,-16,2,0,0,244,1,5,,,,,,,,,,,,,,,,,,,,,,,2,5,0,0,0,,4
R.Williams,00-0022909,yes,DAL,,,,,,,,,,,,,,,,,,,,,,,,,,,,,,,,,,,,,,,,,,,,,,,,,,,,,,,,,,,,,,,,,,,,,,,,,,,,,,17,5,8,0,0,0,31,59,,,,,,,
V.Harris,00-0026920,no,PHI,,0,0,,,,0,,,,0,,,2,,,,,,,,,,,,,,,,,,,,,,,,,,,,,15,,15,1,0,15,,,,,,,,,,,,,,,,,,,,,,,,,,,,,,,,,,,,,,,,,,,,
T.Choice,00-0026262,yes,DAL,,,,,,,,,,,,,,,,,,,,,,,,,,,,,,,,,,,,,,,,,,,,,,,,,,,,,,,,,,,,,,,,,,,,,,,,,,,,,,6,1,3,0,0,0,6,6,14,9,1,0,0,,42
T.Cole,00-0023579,no,PHI,OLB,1,0,,,,0,,,1,0,,,3,2,,,,,,,,,,,,,,,,,,,,,,,,,,,,,,,,,,,,,,,,,,,,,,,,,,,,,,,,,,,,,,,,,,,,,,,,,,,,,
B.Bunkley,00-0024229,no,PHI,,1,0,,,,0,,,,0,,,3,,,,,,,,,,,,,,,,,,,,,,,,,,,,,,,,,,,,,,,,,,,,,,,,,,,,,,,,,,,,,,,,,,,,,,,,,,,,,,
M.Fokou,00-0026951,no,PHI,,1,0,,,,0,,,,0,,,2,,,,,,,,,,,,,,,,,,,,,,,,,,,,,,,,,,,,,,,,,,,,,,,,,,,,,,,,,,,,,,,,,,,,,,,,,,,,,,
J.Witten,00-0022127,yes,DAL,TE,,,,,,,,,,,,,,,,,,,,,,,,,,,,,,,,,,,,,,,,,,,,,,,,,,,,,,,,,,,,,3,20,,,,,,,,,,,,,,,18,4,5,0,0,0,12,27,,,,,,,
J.Babin,00-0022695,no,PHI,,1,0,,,,0,,,,0,,,0,,,,,,,,,,,,,,,,,,,,,,,,,,,,,,,,,,,,,,,,,,,,,,,,,,,,,,,,,,,,,,,,,,,,,,,,,,,,,,
C.Clemons,00-0021577,no,PHI,DE,0,0,,,,0,,,1,1,-9,,1,1,,,,,,,,,,,,,,,,,,,,,,,,,,,,,,,,,,,,,,,,,,,,,,,,,,,,,,,,,,,,,,,,,,,,,,,,,,,,,
D.Jackson,00-0026189,no,PHI,WR,,1,,,,,,,,,,,1,,,,,,,,,,,,,,,,,,,,,,,,,,,,,,,,,,,,,,,,,,,,,,,,,,,,,,,,,4,2,8,2,0,2,9,6,3,7,1,0,0,8,14,,,,,,,
M.McBriar,00-0021488,yes,DAL,,,,,,,,,,,,,,,,,,,,,,,,,,,,,,,,,,,,,,,,,,,,,,,,,,,,,,,,,,,,,,,,33,5,61,6,6,1,229,,,,,,,,,,,,,,,,,,,,,,
J.Maclin,00-0026995,no,PHI,WR,,,,,,,,,,,,,,,,,,,,,,,,,,,,,,,,,,,,,,,,,,20,,21,2,0,41,,,,,,,,,,,,,,,,,,,,,,,,,,,,,,76,7,12,1,0,0,66,146,,,,,,,
D.McNabb,00-0011022,no,PHI,,,,,,,,,,,,,,,,,1,1,,0,,,1,0,0,,,,,,,,,,,,,,,,,,,,,,,,37,19,113,18,256,1,1,4,-22,1,0,0,230,1,14,,,,,,,,,,,,,,,,,,,,,,,2,8,0,0,0,,13
B.James,00-0022137,yes,DAL,,0,1,1,,0,0,,1,2,1,-6,,6,1,,,0,,0,,,0,1,0,,,,,,,,,,,,,,,,,,,,,,,,,,,,,,,,,,,,,,,,,,,,,,,,,,,,,,,,,,,,,,,,,,,
L.Weaver,00-0023063,no,PHI,,,,,,,,,,,,,,1,,,1,1,,0,,,1,0,0,,,,,,,,,,,,,,,,,,,,,,,,,,,,,,,,,,,,,,,,,,,,,,,,,,,,,6,2,3,0,0,0,10,11,5,7,0,0,0,,19
B.Carpenter,00-0024233,yes,DAL,,0,0,2,,0,0,,,1,0,,,2,,,,0,,0,,,0,2,0,,,,,,,,,,,,,,,,,,,,,,,,,,,,,,,,,,,,,,,,,,,,,,,,,,,,,,,,,,,,,,,,,,,
S.Rocca,00-0024515,no,PHI,,,,,,,,,,,,,,1,,,,,,,,,,,,,,,,,,,,,,,,,,,,,,,,,,,,,,,,,,,,,,,,,,35,1,59,5,5,1,253,,,,,,,,,,,,,,,,,,,,,,
J.Mays,00-0026340,no,PHI,LB,,,,,,,,,,,,,2,,,,,,,,,,,,,,,,,,,,,,,,,,,,,-5,,-5,1,0,-5,,,,,,,,,,,,,,,,,,,,,,,,,,,,,,,,,,,,,,,,,,,,
P.Crayton,00-0022766,yes,DAL,,,,,,,,,,,,,,,,,,,,,,,,,,,,,,,,,,,,,,,,,,,,,,,,,,,,,,,,,,,,,,,,,,,,,,,18,1,31,3,0,3,56,18,3,4,0,0,0,10,34,,,,,,,
S.Brown,00-0021186,no,PHI,,0,0,,,,0,,,,0,,,6,,,,,,,,,,,,,,,,,,,,,,,,,,,,,,,,,,,,,,,,,,,,,,,,1,40,,,,,,,,,,,,,,,,,,,,,,,,,,,,,
C.Gocong,00-0024286,no,PHI,,1,0,,,,0,,,1,1,-7,,2,1,,,,,,,,,,,,,,,,,,,,,,,,,,,,,,,,,,,,,,,,,,,,,,,,,,,,,,,,,,,,,,,,,,,,,,,,,,,,,
V.Abiamiri,00-0025444,no,PHI,,0,0,,,,0,,,,0,,,2,,,,,,,,,,,,,,,,,,,,,,,,,,,,,,,,,,,,,,,,,,,,,,,,,,,,,,,,,,,,,,,,,,,,,,,,,,,,,,
G.Sensabaugh,00-0023590,yes,DAL,,1,0,,,,0,,1,,0,,,3,,,,,,,,,,,,,,,,,,,,,,,,,,,,,,,,,,,,,,,,,,,,,,,,1,10,,,,,,,,,,,,,,,,,,,,,,,,,,,,,
K.Hamlin,00-0022049,yes,DAL,,0,0,,,,0,,1,,0,,,3,,,,,,,,,,,,,,,,,,,,,,,,,,,,,,,,,,,,,,,,,,,,,,,,2,23,,,,,,,,,,,,,,,,,,,,,,,,,,,,,
D.Ware,00-0023445,yes,DAL,OLB,1,1,,,,0,,,2,2,-8,,2,1,,,,,,,,,,,,,,,,,,,,,,,,,,,,,,,,,,,,,,,,,,,,,,,,,,,,,,,,,,,,,,,,,,,,,,,,,,,,,
L.McCoy,00-0027029,no,PHI,RB,,,,,,,,,,,,,,,,,,,,,,,,,,,,,,,,,,,,,,,,,,,,,,,,,,,,,,,,,,,,,,,,,,,,,,,,,,,,,9,1,2,0,0,0,11,9,5,14,0,0,0,,24
M.Spears,00-0023455,yes,DAL,,0,0,,,,0,,,1,0,,,1,,,,,,,,,,,,,,,,,,,,,,,,,,,,,,,,,,,,,,,,,,,,,,,,,,,,,,,,,,,,,,,,,,,,,,,,,,,,,,
Q.Mikell,00-0021512,no,PHI,,0,0,,,,0,,1,,0,,,6,,,,,,,,,,,,,,,,,,,,,,,,,,,,,,,,,,,,,,,,,,,,,,,,1,12,,,,,,,,,,,,,,,,,,,,,,,,,,,,,
M.Colombo,00-0021160,yes,DAL,,,,,,,,,,,,,,,,,,,,,,,,,,,,,,,,,,,,,,,,,,,,,,,,,,,,,,,,,,,,,,1,5,,,,,,,,,,,,,,,,,,,,,,,,,,,,,
M.Austin,00-0023921,yes,DAL,,,,,,,,,,,,,,,,,,,,,,,,,,,,,,,,,,,,,,,,,,,,,,,,,,,,,,,,,,,,,,,,,,,,,,,,,,,,,,36,7,10,1,0,0,62,82,,,,,,,
J.Hanson,00-0021654,no,PHI,,0,0,,,,0,,,,0,,,2,,,,,,,,,,,,,,,,,,,,,,,,,,,,,,,,,,,,,,,,,,,,,,,,,,,,,,,,,,,,,,,,,,,,,,,,,,,,,,
J.Phillips,00-0027139,yes,DAL,TE,,,,,,,,,,,,,,,,,,,,,,,,,,,,,,,,,,,,,,,,,,,,,,,,,,,,,,,,,,,,,2,15,,,,,,,,,,,,,,,1,1,1,1,0,0,0,1,,,,,,,
S.Suisham,00-0023001,yes,DAL,K,,,,,,,,,,,,,,,,,,,,,,,,,2,2,73,,,48,,,,6,,4,0,4,0,4,,,,,,,,,,,,,,,,,,,,,,,,,,,,,,,,,,,,,,,,,,,,,,,,,,,
D.Buehler,00-0027119,yes,DAL,,,,,,,,,,,,,,,,,,,,,,,,,,,,,,,,1,,7,,3,,,,,,429,,,,,,,,,,,,,,,,,,,,,,,,,,,,,,,,,,,,,,,,,,,,,,,,,,
K.Ogletree,00-0026780,yes,DAL,,,,,,,,,,,,,,1,,,,,,,,,,,,,,,,,,,,,,,,,,,,,10,,10,1,0,10,,,,,,,,,,,,,,,,,,,,,,,,,,,,,,5,1,1,0,0,0,0,5,,,,,,,
K.Brooking,00-0001820,yes,DAL,,0,0,,,,0,,,,0,,,4,,,,,,,,,,,,,,,,,,,,,,,,,,,,,,,,,,,,,,,,,,,,,,,,,,,,,,,,,,,,,,,,,,,,,,,,,,,,,,
M.Vick,00-0020245,no,PHI,QB,,,,,,,,,,,,,,,,,1,1,0,,-2,1,0,-2,,,,,,,,,,,,,,,,,,,,,,,,2,1,25,1,4,,0,,,1,0,0,76,,,,,,,,,,,,,,,,,,,,,,,,,1,0,0,0,0,,0
D.Howard,00-0019605,no,PHI,,,,,,,,,,1,,,,,,,,,,,,,,,,,,,,,,,,,,,,,,,,,,,,,,,,,,,,,,,,,,,,,,,,,,,,,,,,,,,,,,,,,,,,,,,,,,
M.Jenkins,00-0026165,yes,DAL,CB,0,0,,,,1,-1,4,,0,,,2,,,1,1,,0,,,1,0,0,,,,,,,,,,,,,,,,,,,,,,,,,,,,,,,,,,,,,,,,,,,,,,,,,,,,,,,,,,,,,,,,,,,
R.Brown,00-0023470,no,PHI,,,,1,,0,,,,,,,,,,,,0,,0,,,0,1,0,,,,,,,,,,,,,,,,,,,,,,,,,,,,,,,,,,,,,,,,,,,,,,,,,,,,,,,3,,,,,,,,,,,,
D.Anderson,00-0025582,yes,DAL,,,,,,,,,,,,,,,,,,,,,,,,,,,,,,,,,,,,,,,,,,,,,,,,,,,,,,,,,,,,,,,,,,,,,,,,,,,,,,,,1,,,,,,,,,,,,
J.Parker,00-0019986,no,PHI,,0,0,,,,0,,,1,0,,,5,1,,,,,,,,,,,,,,,,,,,,,,,,,,,,,,,,,,,,,,,,,,,,,,,,,,,,,,,,,,,,,,,,,,,,,,,,,,,,,
M.Hamlin,00-0027116,yes,DAL,,,,,,,,,,,,,,2,,,,,,,,,,,,,,,,,,,,,,,,,,,,,,,,,,,,,,,,,,,,,,,,,,,,,,,,,,,,,,,,,,,,,,,,,,,,,,
J.Avant,00-0024324,no,PHI,WR,,,,,,,,,,,,,1,,,,,,,,,,,,,,,,,,,,,,,,,,,,,,,,,,,,,,,,,,,,,,,,,,,,,,,,,,,,,,,,20,2,3,0,0,0,8,32,,,,,,,
T.Herremans,00-0023560,no,PHI,,,,,,,,,,,,,,,,,,,,,,,,,,,,,,,,,,,,,,,,,,,,,,,,,,,,,,,,,,,,,,2,10,,,,,,,,,,,,,,,,,,,,,,,,,,,,,
B.Westbrook,00-0021216,no,PHI,,,,,,,,,,,,,,,,,,,,,,,,,,,,,,,,,,,,,,,,,,,,,,,,,,,,,,,,,,,,,,,,,,,,,,,,,,,,,,27,1,2,0,0,0,30,27,,,,,,,
A.Spencer,00-0025413,yes,DAL,,0,0,,,,0,,1,2,1,-8,,2,2,,,,,,,,,,,,,,,,,,,,,,,,,,,,,,,,,,,,,,,,,,,,,,,,,,,,,,,,,,,,,,,,,,,,,,,,,,,,,
L.Davis,00-0020533,yes,DAL,,,,,,,,,,,,,,,,,,,,,,,,,,,,,,,,,,,,,,,,,,,,,,,,,,,,,,,,,,,,,,1,10,,,,,,,,,,,,,,,,,,,,,,,,,,,,,
S.Octavien,00-0026046,yes,DAL,,,,,,,,,,,,,,1,,,,,,,,,,,,,,,,,,,,,,,,,,,,,,,,,,,,,,,,,,,,,,,,,,,,,,,,,,,,,,,,,,,,,,,,,,,,,,
B.Celek,00-0025549,no,PHI,TE,,,,,,,,,,,,,,,,,,,,,,,,,,,,,,,,,,,,,,,,,,,,,,,,,,,,,,,,,,,,,,,,,,,,,,,,,,,,,26,3,5,0,0,0,31,59,,,,,,,
J.Peters,00-0022531,no,PHI,T,,,,,,,,,,,,,,,,,,,,,,,,,,,,,,,,,,,,,,,,,,,,,,,,,,,,,,,,,,,,,2,10,,,,,,,,,,,,,,,,,,,,,,,,,,,,,
O.Scandrick,00-0026283,yes,DAL,CB,0,0,,,,0,,,,0,,,2,,,,,,,,,,,,,,,,,,,,,,,,,,,,,,,,,,,,,,,,,,,,,,,,,,,,,,,,,,,,,,,,,,,,,,,,,,,,,,
T.Newman,00-0022045,yes,DAL,CB,0,0,,,,0,,1,,0,,,4,,,,,,,,,,,,,,,,,,,,,,,,,,,,,,,,,,,,,,,,,,,,,,,,,,,,,,,,,,,,,,,,,,,,,,,,,,,,,,
A.Smith,00-0023506,no,PHI,TE,,,,,,,,,,,,,,,,,,,,,,,,,,,,,,,,,,,,,,,,,,,,,,,,,,,,,,,,,,,,,,,,,,,,,,,,,,,,,8,1,1,0,0,0,4,8,,,,,,,
S.Bowen,00-0023954,yes,DAL,DE,0,0,,,,0,,,1,0,,,1,,,,,,,,,,,,,,,,,,,,,,,,,,,,,,,,,,,,,,,,,,,,,,,,,,,,,,,,,,,,,,,,,,,,,,,,,,,,,,
J.Hatcher,00-0024307,yes,DAL,DE,,,,,,,,,,,,,,,,,,,,,,,,,,,,,,,,,,,,,,,,,,,,,,,,,,,,,,,,,,,,,1,4,,,,,,,,,,,,,,,,,,,,,,,,,,,,,
T.White,00-0021645,no,PHI,,,,,,,,,,,,,,1,,,,,,,,,,,,,,,,,,,,,,,,,,,,,,,,,,,,,,,,,,,,,,,,,,,,,,,,,,,,,,,,,,,,,,,,,,,,,,
A.Dixon,00-0026541,no,PHI,,0,0,,,,0,,,,0,,,1,1,,,,,,,,,,,,,,,,,,,,,,,,,,,,,,,,,,,,,,,,,,,,,,,,,,,,,,,,,,,,,,,,,,,,,,,,,,,,,
F.Adams,00-0000045,yes,DAL,,,,,,,,,,,,,,,,,,,,,,,,,,,,,,,,,,,,,,,,,,,,,,,,,,,,,,,,,,,,,,1,15,,,,,,,,,,,,,,,,,,,,,,,,,,,,,
J.Trotter,00-0016624,no,PHI,,0,0,,,,0,,,,0,,,1,,,,,,,,,,,,,,,,,,,,,,,,,,,,,,,,,,,,,,,,,,,,,,,,,,,,,,,,,,,,,,,,,,,,,,,,,,,,,,
J.Feely,00-0019770,no,NYJ,,,,,,,,,,,,,,,,,,,,,,,,,,1,1,20,,,20,,,5,3,,3,0,3,0,3,292,,,,,,,,,,,,,,,,,,,,,,28,3,37,7,7,,220,,,,,,,,,,,,,,,,,,,,,,
W.Wright,00-0024171,no,NYJ,,,,,,,,,,,,,,1,,,,,,,,,,,,,,,,,,,,,,,,,,,,,,,,,,,,,,,,,,,,,,,,,,,,,,,,,,,,,,,,,,,,,,,,,,,,,,
B.Scott,00-0026941,yes,CIN,,,,,,,,,,,,,,,,,,,,,,,,,,,,,,,,,,,,,,,,,,,37,,56,2,0,74,,,,,,,,,,,,,,,,,,,,,,,,,,,,,,,,,,,,,,,,,,,,
C.Benson,00-0023439,yes,CIN,,,,,,,,,,,,,,,,,,,,,,,,,,,,,,,,,,,,,,,,,,,,,,,,,,,,,,,,,,,,,,1,5,,,,,,,,,,,,,,,5,3,3,0,0,0,7,12,21,47,1,0,0,,169
S.Ellis,00-0019545,no,NYJ,,1,0,1,,0,0,,,1,1,-10,,5,2,,,0,,0,,,0,1,0,,,,,,,,,,,,,,,,,,,,,,,,,,,,,,,,,,,,,,,,,,,,,,,,,,,,,,,,,,,,,,,,,,,
L.Coles,00-0018958,yes,CIN,,,,,,,,,,,,,,,,,1,1,,0,,,1,0,0,,,,,,,,,,,,,,,,,,,,,,,,,,,,,,,,,,,,,,,,,,,,,,,,,,,,,13,6,11,1,0,0,5,48,,,,,,,
C.Palmer,00-0021429,yes,CIN,QB,,,,,,,,,,,,,,,,1,0,,0,,,1,0,0,,,,,,,,,,,,,,,,,,,,,,,,36,18,91,18,196,1,1,3,-36,1,0,0,146,,,,,,,,,,,,,,,,,,,,,,,,,1,2,0,0,0,,2
D.Roland,00-0023920,yes,CIN,,,,,,,,,,,,,,1,,,,,,,,,,,,,,,,,,,,,,,,,,,,,,,,,,,,,,,,,,,,,,,,,,,,,,,,,,,,,,,,,,,,,,,,,,,,,,
B.Thomas,00-0021081,no,NYJ,,0,1,,,,0,,1,1,1,-8,,7,1,,,,,,,,,,,,,,,,,,,,,,,,,,,,,,,,,,,,,,,,,,,,,,,,,,,,,,,,,,,,,,,,,,,,,,,,,,,,,
T.Jones,00-0019641,no,NYJ,,,,,,,,,,,,,,,,,,,,,,,,,,,,,,,,,,,,,,,,,,,,,,,,,,,,,,,,,,,,,,,,,,,,,,,,,,,,,,,,,,,,,,15,9,1,0,0,,34
J.Fanene,00-0023665,yes,CIN,,0,0,,,,0,,,1,0,,,4,,,,,,,,,,,,,,,,,,,,,,,,,,,,,,,,,,,,,,,,,,,,,,,,,,,,,,,,,,,,,,,,,,,,,,,,,,,,,,
D.Keller,00-0026170,no,NYJ,,,,,,,,,,,,,,,,,,,,,,,,,,,,,,,,,,,,,,,,,,,,,,,,,,,,,,,,,,,,,,,,,,,,,,,,,,,,,,45,3,4,1,0,0,71,99,,,,,,,
M.Sanchez,00-0026898,no,NYJ,QB,,,,,,,,,,,,,,,,,,,,,,,,,,,,,,,,,,,,,,,,,,,,,,,,15,12,94,3,59,,0,,,1,0,0,182,,,,,,,,,,,,,,,,,,,,,,,,,3,0,0,0,0,,-2
K.Rivers,00-0026149,yes,CIN,,1,0,,,,0,,,,0,,,4,,,,,,,,,,,,,,,,,,,,,,,,,,,,,,,,,,,,,,,,,,,,,,,,,,,,,,,,,,,,,,,,,,,,,,,,,,,,,,
Dh.Jones,00-0019635,yes,CIN,,3,0,,,,0,,,,0,,,4,,1,,,,,,,,,,,,,,,,,,,,,,,,,,,,,,,,,,,,,,,,,,,,,,,,,,,,,,,,,,,,,,,,,,,,,,,,,,,,
D.Peko,00-0024338,yes,CIN,DT,3,0,,,,0,,,,0,,,1,1,,,,,,,,,,,,,,,,,,,,,,,,,,,,,,,,,,,,,,,,,,,,,,,,,,,,,,,,,,,,,,,,,,,,,,,,,,,,,
B.Smith,00-0024318,no,NYJ,,,,,,,,,,,,,,,,,,,,,,,,,,,,,,,,,,,,,,,,,,,27,,31,2,0,54,,,,,,,,,,,,,,1,5,,,,,,,,,,,,,,,1,1,1,0,0,0,0,1,2,2,0,0,0,,4
M.Trent,00-0026928,yes,CIN,,2,0,,,,0,,,,0,,,1,,,,,,,,,,,,,,,,,,,,,,,,,,,,,,,,,,,,,,,,,,,,,,,,,,,,,,,,,,,,,,,,,,,,,,,,,,,,,,
R.Murray,00-0026720,yes,CIN,,,,,,,,,,,,,,,,,,,,,,,,,,,,,,,,,,,,,,,,,,,,,,,,,,,,,,,,,,,,,,,,,,,,,,,23,,23,1,0,1,23,,,,,,,,,,,,,,,
E.Smith,00-0024312,no,NYJ,,2,,,,,,,,,,,,1,,,,,,,,,,,,,,,,,,,,,,,,,,,,,,,,,,,,,,,,,,,,,,,,,,,,,,,,,,,,,,,,,,,,,,,,,,,,,,
D.Revis,00-0025401,no,NYJ,CB,1,0,,,,1,20,1,,0,,,2,,,,,,,,,,,,,,,,,,,,,,,,,,,,,,,,,,,,,,,,,,,,,,,,3,36,,,,,,,,,,,,,,,,,,,,,,,,,,,,,
J.Leonhard,00-0023287,no,NYJ,,2,1,,,,0,,,,1,-18,,2,,,,,,,,,,,,,,,,,,,,,,,,,,,,,,,,,,,,,,,,,,,,,,,,,,,,,,,,,,,,,,,,,,,,,,,,,,,,,,
C.Ochocinco,00-0020397,yes,CIN,,,,,,,,,,,,,,,,,,,,,,,,,,,,,,,,,,,,,,,,,,,,,,,,,,,,,,,,,,,,,,,,,,,,,,,,,,,,,,19,2,6,0,0,0,13,28,,,,,,,
L.Sheppard,00-0021157,no,NYJ,,1,0,,,,0,,1,,0,,,5,,,,,,,,,,,,,,,,,,,,,,,,,,,,,,,,,,,,,,,,,,,,,,,,,,,,,,,,,,,,,,,,,,,,,,,,,,,,,,
C.Pace,00-0022120,no,NYJ,OLB,1,0,,,,0,,,1,0,,,3,,,,,,,,,,,,,,,,,,,,,,,,,,,,,,,,,,,,,,,,,,,,,,,,,,,,,,,,,,,,,,,,,,,,,,,,,,,,,,
A.Caldwell,00-0026237,yes,CIN,WR,,,,,,,,,,,,,,,,,,,,,,,,,,,,,,,,,,,,,,,,,,,,,,,,,,,,,,,,,,,,,,,,,,,,,,,,,,,,,13,2,8,0,0,0,8,25,,,,,,,
S.Graham,00-0019536,yes,CIN,K,,,,,,,,,,,,,,,,,,,,,,,,,2,0,,2,63,0,,,3,0,,2,0,2,0,2,160,,,,,,,,,,,,,,,,,,,,,,,,,,,,,,,,,,,,,,,,,,,,,,,,,,
B.Leonard,00-0025439,yes,CIN,,1,,,,,,,,,,,,,,,,0,,1,1,0,0,1,0,,,,,,,,,,,,,,,,,,18,,25,3,0,54,,,,,,,,,,,,,,,,,,,,,,,,,,,,,,6,2,3,0,0,0,8,7,,,,,,,
J.Joseph,00-0024239,yes,CIN,CB,2,0,,,,0,,,,0,,,3,,,,,,,,,,,,,,,,,,,,,,,,,,,,,,,,,,,,,,,,,,,,,,,,,,,,,,,,,,,,,,,,,,,,,,,,,,,,,,
J.Cotchery,00-0022811,no,NYJ,WR,,,,,,,,,,,,,,,,,,,,,,,,,,,,,,,,,,,,,,,,,,,,,,,,,,,,,,,,,,,,,,,,,,,,,,13,1,15,2,0,2,26,18,6,6,0,0,0,10,67,,,,,,,
S.Greene,00-0026899,no,NYJ,,,,,,,,,,,,,,,,,,,,,,,,,,,,,,,,,,,,,,,,,,,,,,,,,,,,,,,,,,,,,,,,,,,,,,,,,,,,,,,,,,,,,,21,39,1,0,0,,135
C.Ndukwe,00-0025640,yes,CIN,,3,0,,,,0,,,,0,,,7,2,,,,,,,,,,,,,,,,,,,,,,,,,,,,,,,,,,,,,,,,,,,,,,,,,,,,,,,,,,,,,,,,,,,,,,,,,,,,,
B.Edwards,00-0023438,no,NYJ,,,,,,,,,,,,,,,,,,,,,,,,,,,,,,,,,,,,,,,,,,,,,,,,,,,,,,,,,,,,,,,,,,,,,,,,,,,,,,16,2,4,0,0,0,7,15,,,,,,,
L.Hall,00-0025405,yes,CIN,SS,2,0,,,,0,,,,0,,,4,1,,,,,,,,,,,,,,,,,,,,,,,,,,,,,,,,,,,,,,,,,,,,,,,,,,,,,,,,,,,,,,,,,,,,,,,,,,,,,
C.Crocker,00-0022167,yes,CIN,,1,0,,,,0,,,,0,,,3,1,,,,,,,,,,,,,,,,,,,,,,,,,,,,,,,,,,,,,,,,,,,,,,,,,,,,,,,,,,,,,,,,,,,,,,,,,,,,,
B.Johnson,00-0024356,yes,CIN,,4,0,,,,0,,2,,0,,,1,1,1,,,,,,,,,,,,,,,,,,,,,,,,,,,,,,,,,,,,,,,,,,,,,,1,15,,,,,,,,,,,,,,,,,,,,,,,,,,,,,
Q.Cosby,00-0026716,yes,CIN,,,,,,,,,,,,,,,,,,,,,,,,,,,,,,,,,,,,,,,,,,,,,,,,,,,,,,,,,,,,,,,,,,,,,,,,3,,,,,,14,3,4,0,0,0,14,26,,,,,,,
D.Lowery,00-0026253,no,NYJ,FS,1,0,,,,0,,2,,0,,,1,,,,,,,,,,,,,,,,,,,,,,,,,,,,,,,,,,,,,,,,,,,,,,,,,,,,,,,,,,,,,,,,,,,,,,,,,,,,,,
K.Huber,00-0027103,yes,CIN,P,,,,,,,,,,,,,,,,,,,,,,,,,,,,,,,,,,,,,,,,,,,,,,,,,,,,,,,,,,,,,,,37,0,56,4,4,1,192,,,,,,,,,,,,,,,,,,,,,,
A.Faneca,00-0005058,no,NYJ,,,,,,,,,,,,,,,,,,,,,,,,,,,,,,,,,,,,,,,,,,,,,,,,,,,,,,,,,,,,,,1,5,,,,,,,,,,,,,,,,,,,,,,,,,,,,,
T.Johnson,00-0022696,yes,CIN,,3,0,,,,0,,,,0,,,2,,,,,,,,,,,,,,,,,,,,,,,,,,,,,,,,,,,,,,,,,,,,,,,,,,,,,,,,,,,,,,,,,,,,,,,,,,,,,,
D.Harris,00-0025434,no,NYJ,ILB,1,0,,,,0,,,,0,,,3,,,,,,,,,,,,,,,,,,,,,,,,,,,,,,,,,,,,,,,,,,,,,,,,1,10,,,,,,,,,,,,,,,,,,,,,,,,,,,,,
Ba.Scott,00-0020873,no,NYJ,,3,0,,,,0,,1,,0,,,2,,,,,,,,,,,,,,,,,,,,,,,,,,,,,,,,,,,,,,,,,,,,,,,,,,,,,,,,,,,,,,,,,,,,,,,,,,,,,,
H.Green,00-0021099,no,NYJ,,1,0,,,,0,,,,0,,,0,,,,,,,,,,,,,,,,,,,,,,,,,,,,,,,,,,,,,,,,,,,,,,,,,,,,,,,,,,,,,,,,,,,,,,,,,,,,,,
D.Skuta,00-0026725,yes,CIN,OLB,,,,,,,,,,,,,1,,,,,,,,,,,,,,,,,,,,,,,,,,,,,,,,,,,,,,,,,,,,,,,,,,,,,,,,,,,,,,,,,,,,,,,,,,,,,,
R.Geathers,00-0022867,yes,CIN,,2,0,,,,0,,,,0,,,1,,,,,,,,,,,,,,,,,,,,,,,,,,,,,,,,,,,,,,,,,,,,,,,,,,,,,,,,,,,,,,,,,,,,,,,,,,,,,,
M.Cole,00-0024588,no,NYJ,,1,,,,,,,,,,,,,,,,,,,,,,,,,,,,,,,,,,,,,,,,,,,,,,,,,,,,,,,,,,,,,,,,,,,,,,,,,,,,,,,,,,,,,,,,,,
A.Smith,00-0026982,yes,CIN,T,,,,,,,,,,,,,,,,,,,,,,,,,,,,,,,,,,,,,,,,,,,,,,,,,,,,,,,,,,,,,1,5,,,,,,,,,,,,,,,,,,,,,,,,,,,,,
J.Foschi,00-0022484,yes,CIN,,,,,,,,,,,,,,1,,,,,,,,,,,,,,,,,,,,,,,,,,,,,,,,,,,,,,,,,,,,,,,,,,,,,,,,,,,,,,,,,,,,,,,,,,,,,,
J.Ihedigbo,00-0025753,no,NYJ,SS,1,0,,,,0,,,1,0,,,2,,,,,,,,,,,,,,,,,,,,,,,,,,,,,,,,,,,,,,,,,,,,,,,,,,,,,,,,,,,,,,,,,,,,,,,,,,,,,,
K.Rhodes,00-0023557,no,NYJ,,2,0,,,,0,,,,0,,,0,,,,,,,,,,,,,,,,,,,,,,,,,,,,,,,,,,,,,,,,,,,,,,,,,,,,,,,,,,,,,,,,,,,,,,,,,,,,,,
M.Devito,00-0025689,no,NYJ,DE,1,0,,,,0,,,,0,,,0,,,,,,,,,,,,,,,,,,,,,,,,,,,,,,,,,,,,,,,,,,,,,,,,,,,,,,,,,,,,,,,,,,,,,,,,,,,,,,
K.Cook,00-0024670,yes,CIN,,,,,,,,,,,,,,,,,,,,,,,,,,,,,,,,,,,,,,,,,,,,,,,,,,,,,,,,,,,,,,1,10,,,,,,,,,,,,,,,,,,,,,,,,,,,,,
M.Johnson,00-0027044,yes,CIN,DE,1,,,,,,,,,,,,1,,,,,,,,,,,,,,,,,,,,,,,,,,,,,,,,,,,,,,,,,,,,,,,,,,,,,,,,,,,,,,,,,,,,,,,,,,,,,,
B.Hartsock,00-0022847,no,NYJ,,,,,,,,,,,,,,,,,,,,,,,,,,,,,,,,,,,,,,,,,,,2,,2,1,0,2,,,,,,,,,,,,,,,,,,,,,,,,,,,,,,,,,,,,,,,,,,,,
R.Turner,00-0025761,no,NYJ,,,,,,,,,,,,,,,,,,,,,,,,,,,,,,,,,,,,,,,,,,,,,,,,,,,,,,,,,,,,,,1,10,,,,,,,,,,,,,,,,,,,,,,,,,,,,,
W.Hunter,00-0022000,no,NYJ,,,,,,,,,,,,,,,,,,,,,,,,,,,,,,,,,,,,,,,,,,,,,,,,,,,,,,,,,,,,,,1,5,,,,,,,,,,,,,,,,,,,,,,,,,,,,,
S.Pouha,00-0023523,no,NYJ,,1,0,,,,0,,,,0,,,0,,,,,,,,,,,,,,,,,,,,,,,,,,,,,,,,,,,,,,,,,,,,,,,,,,,,,,,,,,,,,,,,,,,,,,,,,,,,,,
M.Douglas,00-0004472,no,NYJ,,2,0,,,,0,,,,0,,,0,,,,,,,,,,,,,,,,,,,,,,,,,,,,,,,,,,,,,,,,,,,,,,,,,,,,,,,,,,,,,,,,,,,,,,,,,,,,,,
N.Livings,00-0023958,yes,CIN,,,,,,,,,,,,,,,,,,,,,,,,,,,,,,,,,,,,,,,,,,,,,,,,,,,,,,,,,,,,,,1,10,,,,,,,,,,,,,,,,,,,,,,,,,,,,,
V.Gholston,00-0026146,no,NYJ,,,,,,,,,,,,,,1,,,,,,,,,,,,,,,,,,,,,,,,,,,,,,,,,,,,,,,,,,,,,,,,,,,,,,,,,,,,,,,,,,,,,,,,,,,,,,
D.Coats,00-0024607,yes,CIN,,,,,,,,,,,,,,,,,,,,,,,,,,,,,,,,,,,,,,,,,,,,,,,,,,,,,,,,,,,,,,,,,,,,,,,,,,,,,,,,1,,,,,,,,,,,,
D.Coleman,00-0024403,no,NYJ,,0,0,,,,0,,,,0,,,2,,,,,,,,,,,,,,,,,,,,,,,,,,,,,,,,,,,,,,,,,,,,,,,,1,5,,,,,,,,,,,,,,,,,,,,,,,,,,,,,
B.Williams,00-0019629,yes,CIN,,,,,,,,,,,,,,,,,,,,,,,,,,,,,,,,,,,,,,,,,,,,,,,,,,,,,,,,,,,,,,1,10,,,,,,,,,,,,,,,,,,,,,,,,,,,,,
N.Rackers,00-0019676,yes,ARI,,,,,,,,,,,,,,,,,,,,,,,,,,2,1,23,1,34,23,1,,9,3,3,6,0,6,0,6,591,,,,,,,,,,,,,,,,,,,,,,,,,,,,,,,,,,,,,,,,,,,,,,,,,,
L.Stephens-Howling,00-0026956,yes,ARI,,,,,,,,,,,,,,2,,,,,,,,,,,,,,,,,,,,,,,,,,,,,21,,29,4,0,85,,,,,,,,,,,,,,,,,,,,,,,,,,,,,,12,3,4,0,0,0,11,19,1,18,0,0,0,,18
J.Nelson,00-0026176,no,GB,WR,,,,,,,,,,,,,,,,1,0,,1,1,0,1,1,0,,,,,,,,,,,,,,,,,,19,,28,4,0,79,,,,,,,,,,,,,,,,,,,,,,,,,,,,,,10,1,2,1,0,0,5,10,,,,,,,
D.Rodgers-Cromartie,00-0026156,yes,ARI,CB,0,0,,,,1,-6,1,,0,,,3,,,,,,,,,,,,,,,,,,,,,,,,,,,,,,,,,,,,,,,,,,,,,,,,,,,,,,,,,,,,,,,,,,,,,,,,,,,,,,
D.Colledge,00-0024262,no,GB,,,,,,,,,,,,,,1,,,,,,,,,,,,,,,,,,,,,,,,,,,,,,,,,,,,,,,,,,,,,,,,1,10,,,,,,,,,,,,,,,,,,,,,,,,,,,,,
A.Rodgers,00-0023459,no,GB,QB,,,,,,,,,,,,,,,,1,1,,0,,,1,0,0,,,,,,,,,,,,,,,,,,,,,,,,42,28,224,14,197,1,1,5,-19,4,0,0,422,,,,,,,,,,,,,,,,,,,,,,,,,3,13,1,0,0,,13
C.Haggans,00-0019538,yes,ARI,,0,0,,,,0,,,1,0,,,2,,2,,,,,,,,,,,,,,,,,,,,,,,,,,,,,,,,,,,,,,,,,,,,,,1,5,,,,,,,,,,,,,,,,,,,,,,,,,,,,,
K.Dansby,00-0022927,yes,ARI,ILB,0,1,1,1,17,0,,1,,0,,1,4,1,1,,0,,0,,,0,1,17,,,,,,,,,,,,,,,,,,,,,,,,,,,,,,,,,,,,,,,,,,,,,,,,,,,,,,,,,,,,,,,,,,,
C.Jenkins,00-0021706,no,GB,DT,0,0,,,,0,,,2,0,,,3,1,,,,,,,,,,,,,,,,,,,,,,,,,,,,,,,,,,,,,,,,,,,,,,,1,15,,,,,,,,,,,,,,,,,,,,,,,,,,,,,
T.Hightower,00-0026289,yes,ARI,RB,,,,,,,,,,,,,,,,,,,,,,,,,,,,,,,,,,,,,,,,,,,,,,,,,,,,,,,,,,,,,,,,,,,,,,,,,,,,,9,3,3,0,0,0,23,21,7,9,1,0,0,,19
K.Warner,00-0017200,yes,ARI,,,,,,,,,,,,,,,,,1,0,,0,,,1,0,0,,,,,,,,,,,,,,,,,,,,,,,,33,29,211,4,67,,0,1,-4,5,0,0,379,,,,,,,,,,,,,,,,,,,,,,,,,,,,,,,
J.Urban,00-0021647,yes,ARI,,,,,,,,,,,,,,,,,,,,,,,,,,,,,,,,,,,,,,,,,,,,,,,,,,,,,,,,,,,,,,,,,,,,,,,,,,,,,,13,1,1,0,0,0,4,13,,,,,,,
N.Collins,00-0023486,no,GB,,0,0,,,,0,,,,0,,,9,2,,,,,,,,,,,,,,,,,,,,,,,,,,,,,,,,,,,,,,,,,,,,,,,,,,,,,,,,,,,,,,,,,,,,,,,,,,,,,
C.Wells,00-0027007,yes,ARI,,,,,,,,,,,,,,,,,,,,,,,,,,,,,,,,,,,,,,,,,,,,,,,,,,,,,,,,,,,,,,,,,,,,,,,,,,,,,,,,,,,,,,14,42,0,0,0,,91
L.Fitzgerald,00-0022921,yes,ARI,WR,,,,,,,,,,,,,,,,1,1,,0,,,1,0,0,,,,,,,,,,,,,,,,,,,,,,,,,,,,,,,,,,,,,1,5,,,,,,,,,,,,,,,33,6,7,2,0,0,30,82,,,,,,,
S.Breaston,00-0025529,yes,ARI,,,,,,,,,,,,,,,,,1,0,,0,,,1,0,0,,,,,,,,,,,,,,,,,,,,,,,,,,,,,,,,,,,,,,,,,,,,,,6,,6,1,0,1,6,26,7,9,1,0,0,36,125,1,28,0,0,0,,28
T.Williams,00-0024061,no,GB,CB,1,0,,,,0,,,,0,,,5,,,,,,,,,,,,,,,,,,,,,,,,,,,,,29,,29,1,0,29,,,,,,,,,,,,,,,,,,,,,,,,,,,,,,,,,,,,,,,,,,,,
R.Brown,00-0019613,yes,ARI,,1,0,,,,0,,,,0,,,3,,,,,,,,,,,,,,,,,,,,,,,,,,,,,,,,,,,,,,,,,,,,,,,,,,,,,,,,,,,,,,,,,,,,,,,,,,,,,,
R.Grant,00-0022984,no,GB,,,,,,,,,,,,,,,,,,,,,,,,,,,,,,,,,,,,,,,,,,,,,,,,,,,,,,,,,,,,,,,,,,,,,,,,,,,,,,9,2,2,0,0,0,15,18,11,20,0,0,0,,65
G.Hayes,00-0021941,yes,ARI,,0,0,,,,0,,,,0,,,4,,2,,,,,,,,,,,,,,,,,,,,,,,,,,,,,,,,,,,,,,,,,,,,,,1,15,,,,,,,,,,,,,,,,,,,,,,,,,,,,,
A.Rolle,00-0023443,yes,ARI,SS,4,0,,,,0,,,,0,,,9,,,,,,,,,,,,,,,,,,,,,,,,,,,,,,,,,,,,,,,,,,,,,,,,,,,,,,,,,,,,,,,,,,,,,,,,,,,,,,
G.Jennings,00-0024267,no,GB,WR,,,,,,,,,,,,,1,,,,,,,,,,,,,,,,,,,,,,,,,,,,,,,,,,,,,,,,,,,,,,,,,,,,,,,,,,,,,,,,35,8,12,1,0,0,47,130,,,,,,,
D.Driver,00-0004541,no,GB,,,,,,,,,,,,,,,,,1,1,,0,,,1,0,0,,,,,,,,,,,,,,,,,,,,,,,,,,,,,,,,,,,,,1,10,,,,,,,,,,,,,,,28,4,6,0,0,0,20,43,,,,,,,
A.Branch,00-0025420,yes,ARI,DT,1,0,1,,0,0,,,,0,,,1,,,,0,,0,,,0,1,0,,,,,,,,,,,,,,,,,,,,,,,,,,,,,,,,,,,,,,,,,,,,,,,,,,,,,,,,,,,,,,,,,,,
E.Doucet,00-0026221,yes,ARI,,,,,,,,,,,,,,,,,,,,,,,,,,,,,,,,,,,,,,,,,,,,,,,,,,,,,,,,,,,,,,,,,,,,,,,,,,,,,,16,6,6,2,0,0,50,77,,,,,,,
M.Giordano,00-0023569,no,GB,,0,0,,,,0,,,,0,,,1,,,,,,,,,,,,,,,,,,,,,,,,,,,,,,,,,,,,,,,,,,,,,,,,1,9,,,,,,,,,,,,,,,,,,,,,,,,,,,,,
W.Davis,00-0026939,yes,ARI,,,,,,,,,,,,,,1,,,,,,,,,,,,,,,,,,,,,,,,,,,,,,,,,,,,,,,,,,,,,,,,,,,,,,,,,,,,,,,,,,,,,,,,,,,,,,
S.Havner,00-0023832,no,GB,,,,,,,,,,,,,,,,,,,,,,,,,,,,,,,,,,,,,,,,,,,,,,,,,,,,,,,,,,,,,,,,,,,,,,,,,,,,,,11,2,3,1,0,0,8,16,,,,,,,
B.McFadden,00-0023497,yes,ARI,,0,0,,,,0,,,,0,,,7,,1,,,,,,,,,,,,,,,,,,,,,,,,,,,,,,,,,,,,,,,,,,,,,,,,,,,,,,,,,,,,,,,,,,,,,,,,,,,,
B.Berry,00-0001176,yes,ARI,,0,0,,,,0,,,2,2,-8,,2,2,,,,,,,,,,,,,,,,,,,,,,,,,,,,,,,,,,,,,,,,,,,,,,,,,,,,,,,,,,,,,,,,,,,,,,,,,,,,,
J.Bell,00-0026057,no,GB,,,,,,,,,,,,,,,,,,,,,,,,,,,,,,,,,,,,,,,,,,,,,,,,,,,,,,,,,,,,,,1,5,,,,,,,,,,,,,,,,,,,,,,,,,,,,,
B.Poppinga,00-0023559,no,GB,,,,,,,,,,,,,,3,,,,,,,,,,,,,,,,,,,,,,,,,,,,,,,,,,,,,,,,,,,,,,,,,,,,,,,,,,,,,,,,,,,,,,,,,,,,,,
A.Hawk,00-0024220,no,GB,OLB,0,1,,,,0,,,,0,,,3,,1,,,,,,,,,,,,,,,,,,,,,,,,,,,,,,,,,,,,,,,,,,,,,,,,,,,,,,,,,,,,,,,,,,,,,,,,,,,,
J.Kapinos,00-0025786,no,GB,,,,,,,,,,,,,,,,,,,,,,,,,,,,,,,,,,,,,,,,,,,,,,,,,,,,,,,,,,,,,,,,41,0,47,1,1,,47,,,,,,,,,,,,,,,,,,,,,,
M.Beisel,00-0020478,yes,ARI,,,,,,,,,,,,,,,,,,0,,1,1,0,0,1,0,,,,,,,,,,,,,,,,,,,,,,,,,,,,,,,,,,,,,,,,,,,,,,,,,,,,,,,,,,,,,,,,,,,
C.Matthews,00-0027002,no,GB,ILB,2,1,1,,29,0,,,,1,-4,,3,,,,0,,0,,,0,1,29,,,,,,,,,,,,,,,,,,,,,,,,,,,,,,,,,,,,,,,,,,,,,,,,,,,,,,,,,,,,,,,,,,,
J.Bridges,00-0021974,yes,ARI,,,,,,,,,,,,,,,,,,0,,1,1,0,0,1,0,,,,,,,,,,,,,,,,,,,,,,,,,,,,,,,,,,,,,,,,,,,,,,,,,,,,,,,,,,,,,,,,,,,
C.Woodson,00-0018227,no,GB,FS,1,1,,,,0,,1,,0,,,5,,1,,,,,,,,,,,,,,,,,,,,,,,,,,,,,,,,,,,,,,,,,,,,,,1,9,,,,,,,,,,,,,,,,,,,,,,,,,,,,,
A.Bigby,00-0023404,no,GB,,1,0,,,,0,,,,0,,,1,,1,,,,,,,,,,,,,,,,,,,,,,,,,,,,,,,,,,,,,,,,,,,,,,1,13,,,,,,,,,,,,,,,,,,,,,,,,,,,,,
B.Patrick,00-0025602,yes,ARI,,,,,,,,,,,,,,,,,,,,,,,,,,,,,,,,,,,,,,,,,,,,,,,,,,,,,,,,,,,,,,,,,,,,,,,,,,,,,,22,3,3,0,0,0,14,42,,,,,,,
N.Barnett,00-0021990,no,GB,,1,0,,,,0,,,,0,,,4,,1,,,,,,,,,,,,,,,,,,,,,,,,,,,,,,,,,,,,,,,,,,,,,,,,,,,,,,,,,,,,,,,,,,,,,,,,,,,,
B.Jones,00-0026946,no,GB,,0,0,,,,0,,,,0,,,2,,,,,,,,,,,,,,,,,,,,,,,,,,,,,,,,,,,,,,,,,,,,,,,,,,,,,,,,,,,,,,,,,,,,,,,,,,,,,,
M.Adams,00-0025668,yes,ARI,,1,1,,,,0,,,2,1,-7,,2,,,,,,,,,,,,,,,,,,,,,,,,,,,,,,,,,,,,,,,,,,,,,,,,4,24,,,,,,,,,,,,,,,,,,,,,,,,,,,,,
J.Kuhn,00-0022999,no,GB,FB,,,,,,,,,,,,,,,,,,,,,,,,,,,,,,,,,,,,,,,,,,17,,17,1,0,17,,,,,,,,,,,,,,,,,,,,,,,,,,,,,,-3,1,1,0,0,0,0,-3,1,1,1,0,0,,1
G.Watson,00-0024322,yes,ARI,,0,0,,,,0,,,,0,,,3,,1,,,,,,,,,,,,,,,,,,,,,,,,,,,,,,,,,,,,,,,,,,,,,,,,,,,,,,,,,,,,,,,,,,,,,,,,,,,,
C.Okeafor,00-0012333,yes,ARI,,0,0,,,,0,,,2,1,-3,,2,1,1,,,,,,,,,,,,,,,,,,,,,,,,,,,,,,,,,,,,,,,,,,,,,,,,,,,,,,,,,,,,,,,,,,,,,,,,,,,,
B.Jackson,00-0025450,no,GB,,,,,,,,,,,,,,,,,,,,,,,,,,,,,,,,,,,,,,,,,,,,,,,,,,,,,,,,,,,,,,,,,,,,,,,,,,,,,,-1,1,1,0,0,0,4,-1,2,4,0,0,0,,6
J.Jones,00-0025465,no,GB,WR,,,,,,,,,,,,,,,,,,,,,,,,,,,,,,,,,,,,,,,,,,,,,,,,,,,,,,,,,,,,,,,,,,,,,,,,,,,,,30,3,5,1,0,0,34,50,,,,,,,
M.Crosby,00-0025580,no,GB,K,,,,,,,,,,,,,,,,,,,,,,,,,2,1,20,1,54,20,1,,7,3,2,6,0,6,0,6,430,,,,,,,,,,,,,,,,,,,,,,,,,,,,,,,,,,,,,,,,,,,,,,,,,,
R.Pickett,00-0020515,no,GB,,0,0,,,,0,,,,0,,,2,,1,,,,,,,,,,,,,,,,,,,,,,,,,,,,,,,,,,,,,,,,,,,,,,,,,,,,,,,,,,,,,,,,,,,,,,,,,,,,
L.Brown,00-0025392,yes,ARI,,,,,,,,,,,,,,1,,,,,,,,,,,,,,,,,,,,,,,,,,,,,,,,,,,,,,,,,,,,,,,,,,,,,,,,,,,,,,,,,,,,,,,,,,,,,,
A.Green,00-0006305,no,GB,,,,,,,,,,,,,,,,,,,,,,,,,,,,,,,,,,,,,,,,,,,,,,,,,,,,,,,,,,,,,,,,,,,,,,,,,,,,,,,,,,,,,,3,4,0,0,0,,5
B.Chillar,00-0022711,no,GB,,0,0,,,,0,,,1,0,,,4,1,2,,,,,,,,,,,,,,,,,,,,,,,,,,,,,,,,,,,,,,,,,,,,,,,,,,,,,,,,,,,,,,,,,,,,,,,,,,,,
J.Jolly,00-0024397,no,GB,,1,0,,,,0,,,,0,,,1,,,,,,,,,,,,,,,,,,,,,,,,,,,,,,,,,,,,,,,,,,,,,,,,,,,,,,,,,,,,,,,,,,,,,,,,,,,,,,
J.Bush,00-0023918,no,GB,,1,0,,,,0,,,,0,,,5,,2,,,,,,,,,,,,,,,,,,,,,,,,,,,,,,,,,,,,,,,,,,,,,,,,,,,,,,,,,,,,,,,,,,,,,,,,,,,,
B.Raji,00-0026985,no,GB,NT,1,0,,,,0,,,,0,,,0,,,,,,,,,,,,,,,,,,,,,,,,,,,,,,,,,,,,,,,,,,,,,,,,,,,,,,,,,,,,,,,,,,,,,,,,,,,,,,
S.Morey,00-0011641,yes,ARI,,,1,,,,,,,,,,,2,,,,,,,,,,,,,,,,,,,,,,,,,,,,,,,,,,,,,,,,,,,,,,,,,,,,,,,,,,,,,,,,,,,,,,,,,,,,,,
J.Finley,00-0026231,no,GB,,,,,,,,,,,,,,,,,,,,,,,,,,,,,,,,,,,,,,,,,,,,,,,,,,,,,,,,,,,,,,,,,,,,,,,,,,,,,,44,6,9,0,0,0,65,159,,,,,,,
A.Wilson,00-0020505,yes,ARI,,1,0,,,,0,,1,,0,,,2,1,,,,,,,,,,,,,,,,,,,,,,,,,,,,,,,,,,,,,,,,,,,,,,,,,,,,,,,,,,,,,,,,,,,,,,,,,,,,,
D.Dockett,00-0022930,yes,ARI,,1,0,,,,0,,,2,1,-1,,1,,,,,,,,,,,,,,,,,,,,,,,,,,,,,,,,,,,,,,,,,,,,,,,,1,3,,,,,,,,,,,,,,,,,,,,,,,,,,,,,
D.Lee,00-0021929,no,GB,,,,,,,,,,,,,,,,,,,,,,,,,,,,,,,,,,,,,,,,,,,,,,,,,,,,,,,,,,,,,,,,,,,,,,,,,,,,,,,,1,,,,,,,,,,,,
B.Underwood,00-0026934,no,GB,,0,0,,,,0,,,,0,,,2,,,,,,,,,,,,,,,,,,,1,,,,,,,,,,,,,,,,,,,,,,,,,,,,,,,,,,,,,,,,,,,,,,,,,,,,,,,,,,,
C.Campbell,00-0026190,yes,ARI,DE,0,0,,,,0,,,1,0,,,2,,2,,,,,,,,,,,,,,,,,,,,,,,,,,,,,,,,,,,,,,,,,,,,,,,,,,,,,,,,,,,,,,,,,,,,,,,,,,,,
B.Graham,00-0022954,yes,ARI,,,,,,,,,,,,,,,,,,,,,,,,,,,,,,,,,,,,,,,,,,,,,,,,,,,,,,,,,,,,,,,,26,0,26,1,1,,26,,,,,,,,,,,,,,,,,,,,,,
L.Sendlein,00-0025682,yes,ARI,C,,,,,,,,,,,,,,,,,,,,,,,,,,,,,,,,,,,,,,,,,,,,,,,,,,,,,,,,,,,,,1,4,,,,,,,,,,,,,,,,,,,,,,,,,,,,,
H.Abdullah,00-0023663,yes,ARI,,1,0,,,,0,,,,0,,,0,,,,,,,,,,,,,,,,,,,,,,,,,,,,,,,,,,,,,,,,,,,,,,,,,,,,,,,,,,,,,,,,,,,,,,,,,,,,,,
J.Parmele,00-0026316,no,BAL,,,,,,,,,,,,,,1,,,,,,,,,,,,,,,,,,,,,,,,,,,,,15,,19,2,0,31,,,,,,,,,,,,,,,,,,,,,,,,,,,,,,,,,,,,,,,,,,,,
S.Gostkowski,00-0024333,yes,NE,K,,,,,,,,,,,,,,,,,,,,,,,,,1,0,,1,44,0,1,,3,0,,2,0,2,0,2,182,,,,,,,,,,,,,,,,,,,,,,,,,,,,,,,,,,,,,,,,,,,,,,,,,,
M.Slater,00-0026293,yes,NE,WR,,,,,,,,,,,,,1,,,,,,,,,,,,,,,,,,,,,,,,,,,,,23,,26,2,0,46,,,,,,,,,,,,,,1,10,,,,,,,,,,,,,,,,,1,,,,,,,,,,,,
R.Rice,00-0026195,no,BAL,,,,,,,,,,,,,,,,,,,,,,,,,,,,,,,,,,,,,,,,,,,,,,,,,,,,,,,,,,,,,,,,,,,,,,,,,,,,,,,,1,,,,,,22,83,2,0,0,,159
B.Cundiff,00-0020972,no,BAL,,,,,,,,,,,,,,,,,,,,,,,,,,2,2,50,,,27,,,7,6,,3,0,3,0,3,382,,,,,,,,,,,,,,,,,,,,,,,,,,,,,,,,,,,,,,,,,,,,,,,,,,
D.Landry,00-0024360,no,BAL,,4,0,,,,1,67,2,,0,,,6,,1,,,,,,,,,,,,,,,,,,,,,,,,,,,,,,,,,,,,,,,,,,,,,,,,,,,,,,,,,,,,,,,,,,,,,,,,,,,,
T.Gooden,00-0026211,no,BAL,,,,,,,,,,,,,,1,,1,,,,,,,,,,,,,,,,,,,,,,,,,,,,,,,,,,,,,,,,,,,,,,,,,,,,,,,,,,,,,,,,,,,,,,,,,,,,
D.Butler,00-0027017,yes,NE,CB,0,0,,,,0,,,,0,,,1,,,,,,,,,,,,,,,,,,,,,,,,,,,,,18,,42,4,0,72,,,,,,,,,,,,,,,,,,,,,,,,,,,,,,,,,,,,,,,,,,,,
L.Maroney,00-0024236,yes,NE,,,,,,,,,,,,,,,,,,,,,,,,,,,,,,,,,,,,,,,,,,,,,,,,,,,,,,,,,,,,,,,,,,,,,,,,,,,,,,,,1,,,,,,1,2,0,0,0,,2
D.Edwards,00-0022750,no,BAL,DT,1,0,,,,0,,,1,1,-6,,6,1,3,,,,,,,,,,,,,,,,,,,,,,,,,,,,,,,,,,,,,,,,,,,,,,,,,,,,,,,,,,,,,,,,,,,,,,,,,,,,
J.Edelman,00-0027150,yes,NE,WR,,,,,,,,,,,,,,,,,,,,,,,,,,,,,,,,,,,,,,,,,,,,,,,,,,,,,,,,,,,,,,,,,,,,,,28,1,28,1,0,1,28,24,6,8,2,0,0,16,44,,,,,,,
T.Brady,00-0019596,yes,NE,QB,,,,,,,,,,,,,,,,1,1,,0,,,1,0,0,,,,,,,,,,,,,,,,,,,,,,,,42,23,93,19,189,3,3,3,-22,2,0,0,154,1,5,,,,,,,,,,,,,,,,,,,,,,,,,,,,,
C.Carr,00-0023008,no,BAL,,1,0,,,,1,3,1,,0,,,4,2,3,,,,,,,,,,,,,,,,,,,,,,,,,,,,,,,,,,,,,,,,,,,,,,1,5,,,,,,,,34,,34,1,0,1,34,,,,,,,,,,,,,,,
T.Suggs,00-0022161,no,BAL,OLB,1,1,1,,0,0,,,,1,-9,,2,,1,,0,,0,,,0,1,0,,,,,,,,,,,,,,,,,,,,,,,,,,,,,,,,,,,,,,,,,,,,,,,,,,,,,,,,,,,,,,,,,,,
M.Light,00-0020543,yes,NE,,,,,,,,,,,,,,1,,,,,,,,,,,,,,,,,,,,,,,,,,,,,,,,,,,,,,,,,,,,,,,,,,,,,,,,,,,,,,,,,,,,,,,,,,,,,,
G.Guyton,00-0025821,yes,NE,,2,0,,,,0,,,,0,,,2,,1,,,,,,,,,,,,,,,,,,,,,,,,,,,,,,,,,,,,,,,,,,,,,,,,,,,,,,,,,,,,,,,,,,,,,,,,,,,,
W.McGahee,00-0022178,no,BAL,,,,,,,,,,,,,,,,,,,,,,,,,,,,,,,,,,,,,,,,,,,,,,,,,,,,,,,,,,,,,,,,,,,,,,,,,,,,,,13,1,1,0,0,0,13,13,20,12,1,1,0,1,62
J.Mayo,00-0026150,yes,NE,MLB,6,0,,,,0,,,,0,,,3,,2,,,,,,,,,,,,,,,,,,,,,,,,,,,,,,,,,,,,,,,,,,,,,,,,,,,,,,,,,,,,,,,,,,,,,,,,,,,,
V.Wilfork,00-0022712,yes,NE,NT,4,0,,,,0,,,,0,,,9,1,9,,,,,,,,,,,,,,,,,,,,,,,,,,,,,,,,,,,,,,,,,,,,,,,,,,,,,,,,,,,,,,,,,,,,,,,,,,,,
B.Meriweather,00-0025411,yes,NE,SS,1,0,,,,0,,,,0,,,3,,1,,,,,,,,,,,,,,,,,,,,,,,,,,,,,,,,,,,,,,,,,,,,,,,,,,,,,,,,,,,,,,,,,,,,,,,,,,,,
L.Bodden,00-0021612,yes,NE,,1,0,,,,0,,1,,0,,,3,,2,,,,,,,,,,,,,,,,,,,,,,,,,,,,,,,,,,,,,,,,,,,,,,,,,,,,,,,,,,,,,,,,,,,,,,,,,,,,
J.Sanders,00-0023567,yes,NE,,1,0,,,,0,,,,0,,,8,1,1,,,,,,,,,,,,,,,,,,,,,,,,,,,,,,,,,,,,,,,,,,,,,,,,,,,,,,,,,,,,,,,,,,,,,,,,,,,,
L.McClain,00-0025524,no,BAL,,,,,,,,,,,,,,,,,,,,,,,,,,,,,,,,,,,,,,,,,,,,,,,,,,,,,,,,,,,,,,,,,,,,,,,,,,,,,,-4,1,1,0,0,0,0,-4,4,4,1,0,0,,8
R.Lewis,00-0009889,no,BAL,,9,0,,,,0,,,2,1,-7,,4,1,,,,,,,,,,,,,,,,,,,,,,,,,,,,,,,,,,,,,,,,,,,,,,,,,,,,,,,,,,,,,,,,,,,,,,,,,,,,,
K.Faulk,00-0005091,yes,NE,,,,,,,,,,,,,,,,,,,,,,,,,,,,,,,,,,,,,,,,,,,,,,,,,,,,,,,,,,,,,,,,,,,,,,,,1,,,,,,18,6,8,0,0,0,26,37,14,9,0,0,0,,52
D.Ellerbe,00-0026857,no,BAL,OLB,1,0,,,,0,,,,0,,,5,,3,,,,,,,,,,,,,,,,,,,,,,,,,,,,,,,,,,,,,,,,,,,,,,,,,,,,,,,,,,,,,,,,,,,,,,,,,,,,
S.Aiken,00-0021915,yes,NE,,,,,,,,,,,,,,,,,,,,,,,,,,,,,,,,,,,,,,,,,,,,,,,,,,,,,,,,,,,,,,,,,,,,,,,,,,,,,,5,1,6,0,0,0,0,5,,,,,,,
E.Reed,00-0021377,no,BAL,,2,0,,,,1,25,2,,0,,,2,,2,,,,,,,,,,,,,,,,,,,,,,,,,,,,,,,,,,,,,,,,,,,,,,,,,,,,,,,,,,,,,,,,,,,,,,,,,,,,
C.Hanson,00-0006799,yes,NE,,,,,,,,,,,,,,1,,,,,,,,,,,,,,,,,,,,,,,,,,,,,,,,,,,,,,,,,,,,,,,,,,32,2,53,5,5,,195,,,,,,,,,,,,,,,,,,,,,,
T.Banta-Cain,00-0022038,yes,NE,,5,0,,,,1,0,1,,0,,,3,1,1,,,,,,,,,,,,,,,,,,,,,,,,,,,,,,,,,,,,,,,,,,,,,,,,,,,,,,,,,,,,,,,,,,,,,,,,,,,,
D.Mason,00-0010500,no,BAL,,,,,,,,,,,,,,,,,,,,,,,,,,,,,,,,,,,,,,,,,,,,,,,,,,,,,,,,,,,,,,,,,,,,,,,,,,,,,,8,1,3,0,0,0,0,8,,,,,,,
J.Flacco,00-0026158,no,BAL,QB,,,,,,,,,,,,,,,,,,,,,,,,,,,,,,,,,,,,,,,,,,,,,,,,10,4,21,6,97,1,1,,,0,0,0,34,,,,,,,,,,,,,,,,,,,,,,,,,6,7,0,0,0,,5
S.Koch,00-0024417,no,BAL,P,,,,,,,,,,,,,,,,,,,,,,,,,,,,,,,,,,,,,,,,,,,,,,,,,,,,,,,,,,,,,,,27,2,46,4,4,,136,,,,,,,,,,,,,,,,,,,,,,
J.Johnson,00-0022139,no,BAL,,0,0,,,,0,,,,0,,,3,,1,,,,,,,,,,,,,,,,,,,,,,,,,,,,,,,,,,,,,,,,,,,,,,,,,,,,,,,,,,,,,,,,,,,,,,,,,,,,
F.Walker,00-0021943,no,BAL,,1,0,,,,0,,1,,0,,,2,,1,,,,,,,,,,,,,,,,,,,,,,,,,,,,,,,,,,,,,,,,,,,,,,,,,,,,,,,,,,,,,,,,,,,,,,,,,,,,
F.Taylor,00-0016098,yes,NE,,1,,,,,,,,,,,,,,,,,,,,,,,,,,,,,,,,,,,,,,,,,,,,,,,,,,,,,,,,,,,,,,,,,,,,,,,,,,,,,,,,,,,,2,2,0,0,0,,1
S.Neal,00-0020457,yes,NE,,,,,,,,,,,,,,1,,1,,,,,,,,,,,,,,,,,,,,,,,,,,,,,,,,,,,,,,,,,,,,,,,,,,,,,,,,,,,,,,,,,,,,,,,,,,,,
J.Seau,00-0014619,yes,NE,,3,0,,,,0,,,,0,,,2,1,1,,,,,,,,,,,,,,,,,,,,,,,,,,,,,,,,,,,,,,,,,,,,,,,,,,,,,,,,,,,,,,,,,,,,,,,,,,,,
C.Baker,00-0021213,yes,NE,,,,,,,,,,,,,,,,,,,,,,,,,,,,,,,,,,,,,,,,,,,,1,,,,,,,,,,,,,,,,,,,,,,,,,,,,,,,,,,2,1,1,0,0,0,0,2,,,,,,,
S.Vollmer,00-0027034,yes,NE,T,,,,,,,,,,,,,2,,,,,,,,,,,,,,,,,,,,,,,,,,,,,,,,,,,,,,,,,,,,,,,,,,,,,,,,,,,,,,,,,,,,,,,,,,,,,,
T.Warren,00-0021989,yes,NE,,3,0,,,,0,,,,0,,,3,,1,,,,,,,,,,,,,,,,,,,,,,,,,,,,,,,,,,,,,,,,,,,,,,,,,,,,,,,,,,,,,,,,,,,,,,,,,,,,
E.Jones,00-0024714,no,BAL,,,,,,,,,,,,,,1,,,,,,,,,,,,,,,,,,,,,,,,,,,,,,,,,,,,,,,,,,,,,,,,,,,,,,,,,,,,,,,,,,,,,,,,,,,,,,
B.Watson,00-0022943,yes,NE,TE,,,,,,,,,,,,,,,,,,,,,,,,,,,,,,,,,,,,,,,,,,,,,,,,,,,,,,,,,,,,,,,,,,,,,,,,,,,,,3,1,4,0,0,0,0,3,,,,,,,
D.Foxworth,00-0023532,no,BAL,,1,0,,,,0,,,,0,,,9,1,3,,,,,,,,,,,,,,,,,,,,,,,,,,,,,,,,,,,,,,,,,,,,,,1,5,,,,,,,,,,,,,,,,,,,,,,,,,,,,,
K.Arrington,00-0026071,yes,NE,DB,,,1,,0,,,,,,,,,,,,0,,0,,,0,1,0,,,,,,,,,,,,,,,,,,,,,,,,,,,,,,,,,,,,,,,,,,,,,,,,,,,,,,,,,,,,,,,,,,,
T.Zbikowski,00-0026226,no,BAL,,0,0,,,,0,,,,0,,,1,,1,,1,1,0,,,1,0,0,,,,,,,,,,,,,,,,,,30,,30,1,0,30,,,,,,,,,,,,,,,,,,,,,,,0,,0,1,0,1,0,,,,,,,,,,,,,,,
H.Ngata,00-0024227,no,BAL,DT,1,0,,,,0,,,,0,,,2,1,2,,,,,,,,,,,,,,,,,,,,,,,,,,,,,,,,,,,,,,,,,,,,,,,,,,,,,,,,,,,,,,,,,,,,,,,,,,,,
R.Moss,00-0011754,yes,NE,,,,,,,,,,,,,,,,,,,,,,,,,,,,,,,,,,,,,,,,,,,,,,,,,,,,,,,,,,,,,,1,10,,,,,,,,,,,,,,,19,5,7,0,0,0,4,48,,,,,,,
B.McGowan,00-0023354,yes,NE,,0,0,,,,0,,,,0,,,1,,1,,,,,,,,,,,,,,,,,,,,,,,,,,,,,,,,,,,,,,,,,,,,,,1,15,,,,,,,,,,,,,,,,,,,,,,,,,,,,,
T.Heap,00-0020516,no,BAL,,,,,,,,,,,,,,1,,,,,,,,,,,,,,,,,,,,,,,,,,,,,,,,,,,,,,,,,,,,,,,,,,,,,,,,,,,,,,,,,,1,,,,,,,,,,,,
A.Thomas,00-0019593,yes,NE,,2,0,,,,0,,,,0,,,5,,5,,,,,,,,,,,,,,,,,,,,,,,,,,,,,,,,,,,,,,,,,,,,,,1,1,,,,,,,,,,,,,,,,,,,,,,,,,,,,,
M.Katula,00-0023331,no,BAL,,,,,,,,,,,,,,1,,,,,,,,,,,,,,,,,,,,,,,,,,,,,,,,,,,,,,,,,,,,,,,,,,,,,,,,,,,,,,,,,,,,,,,,,,,,,,
J.Green,00-0021244,yes,NE,,0,0,,,,0,,,,0,,,1,,1,,,,,,,,,,,,,,,,,,,,,,,,,,,,,,,,,,,,,,,,,,,,,,,,,,,,,,,,,,,,,,,,,,,,,,,,,,,,
D.Williams,00-0024326,no,BAL,,,,,,,,,,,,,,,,,,,,,,,,,,,,,,,,,,,,,,,,,,,,,,,,,,,,,,,,,,,,,,,,,,,,,,,,,,,,,,,,1,,,,,,,,,,,,
M.Wright,00-0023255,yes,NE,,1,0,,,,0,,,,0,,,1,,1,,,,,,,,,,,,,,,,,,,,,,,,,,,,,,,,,,,,,,,,,,,,,,,,,,,,,,,,,,,,,,,,,,,,,,,,,,,,
D.Burgess,00-0020504,yes,NE,,0,0,,,,0,,,,0,,,1,,1,,,,,,,,,,,,,,,,,,,,,,,,,,,,,,,,,,,,,,,,,,,,,,,,,,,,,,,,,,,,,,,,,,,,,,,,,,,,
S.Morris,00-0019484,yes,NE,,,,,,,,,,,,,,,,,,,,,,,,,,,,,,,,,,,,,,,,,,,,,,,,,,,,,,,,,,,,,,,,,,,,,,,,,,,,,,8,3,6,0,0,0,15,15,1,9,0,0,0,,9
E.Alexander,00-0022342,yes,NE,,,,,,,,,,,,,,1,,,,,,,,,,,,,,,,,,,,,,,,,,,,,,,,,,,,,,,,,,,,,,,,,,,,,,,,,,,,,,,,,,,,,,,,,,,,,,
M.Pryor,00-0027138,yes,NE,,1,0,,,,0,,,,0,,,3,,2,,,,,,,,,,,,,,,,,,,,,,,,,,,,,,,,,,,,,,,,,,,,,,,,,,,,,,,,,,,,,,,,,,,,,,,,,,,,
M.Clayton,00-0023457,no,BAL,,,,,,,,,,,,,,,,,,,,,,,,,,,,,,,,,,,,,,,,,,,,,,,,,,,,,,,,,,,,,,,,,,,,,,,,,,,,,,17,1,2,0,0,0,0,17,,,,,,,
M.Yanda,00-0025473,no,BAL,G,,,,,,,,,,,,,,,,,,,,,,,,,,,,,,,,,,,,,,,,,,,,,,,,,,,,,,,,,,,,,1,5,,,,,,,,,,,,,,,,,,,,,,,,,,,,,
