name,id,home,team,pos,defense_ast,defense_ffum,defense_frec,defense_frec_tds,defense_frec_yds,defense_int,defense_int_tds,defense_int_yds,defense_pass_def,defense_qbhit,defense_safe,defense_sk,defense_sk_yds,defense_tds,defense_tkl,defense_tkl_loss,defense_tkl_primary,fumbles_forced,fumbles_lost,fumbles_notforced,fumbles_oob,fumbles_rcv,fumbles_rec,fumbles_rec_yds,fumbles_tot,fumbles_trcv,fumbles_yds,kicking_fga,kicking_fgm,kicking_fgm_yds,kicking_fgmissed,kicking_fgmissed_yds,kicking_fgyds,kicking_i20,kicking_tot,kicking_totpfg,kicking_touchback,kicking_xpa,kicking_xpb,kicking_xpmade,kicking_xpmissed,kicking_xptot,kicking_yds,kickret_avg,kickret_fair,kickret_lng,kickret_lngtd,kickret_ret,kickret_tds,kickret_yds,passing_att,passing_cmp,passing_cmp_air_yds,passing_incmp,passing_incmp_air_yds,passing_int,passing_ints,passing_sk,passing_sk_yds,passing_tds,passing_twopta,passing_twoptm,passing_twoptmissed,passing_yds,penalty,penalty_yds,punting_avg,punting_i20,punting_lng,punting_pts,punting_tot,punting_touchback,punting_yds,puntret_avg,puntret_fair,puntret_lng,puntret_lngtd,puntret_ret,puntret_tds,puntret_tot,puntret_yds,receiving_lng,receiving_lngtd,receiving_rec,receiving_tar,receiving_tds,receiving_twopta,receiving_twoptm,receiving_twoptmissed,receiving_yac_yds,receiving_yds,rushing_att,rushing_lng,rushing_lngtd,rushing_tds,rushing_twopta,rushing_twoptm,rushing_twoptmissed,rushing_yds
N.Folk,00-0025565,no,NYJ,K,,,,,,,,,,,,,,,,,,,,,,,,,,,,3,2,74,1,30,74,2,12,6,1,8,0,8,0,8,740,,,,,,,,,,,,,,,,,,,,,,,,,,,,,,,,,,,,,,,,,,,,,,,,,,,,,,,,
B.Pool,00-0023469,no,NYJ,,3,0,,,,1,,9,1,,,0,,,17,2,6,,,,,,,,,,,,,,,,,,,,,,,,,,,,,,,,,,,,,,,,,,,,,,,,,,,,,,,,,,,,,,,,,,,,,,,,,,,,,,,,,,
P.Garcon,00-0026345,yes,IND,WR,,,,,,,,,,,,,,,,,,,,,,,,,,,,,,,,,,,,,,,,,,,,,,,,,,,,,,,,,,,,,,,,,,,,,,,,,,,,,,,,,,57,57,5,7,1,0,0,,52,112,,,,,,,,
P.Manning,00-0010346,yes,IND,QB,,,,,,,,,,,,,,,,,,,,,,,,,,,,,,,,,,,,,,,,,,,,,,,,,,,26,18,112,8,108,,0,1,-6,1,0,0,,225,,,,,,,,,,,,,,,,,,,,,,,,,,,,,,,,,,,
B.Scott,00-0020873,no,NYJ,,2,0,,,,0,,,1,,,0,,,7,1,3,,,,,,,,,,,,,,,,,,,,,,,,,,,,,,,,,,,,,,,,,,,,,,,,,,,,,,,,,,,,,,,,,,,,,,,,,,,,,,,,,,
J.Tamme,00-0026267,yes,IND,TE,,,,,,,,,,,,,,,,,,,,,,,,,,,,,,,,,,,,,,,,,,,,,,,,,,,,,,,,,,,,,,,,,1,5,,,,,,,,,,,,,,,,15,0,5,8,0,0,0,,25,46,,,,,,,,
J.Addai,00-0024245,yes,IND,,,,,,,,,,,,,,,,,,,,,,,,,,,,,,,,,,,,,,,,,,,,,,,,,,,,,,,,,,,,,,,,,,,,,,,,,,,,,,,,,,,,,,1,,,,,,,13,14,0,0,0,0,,60
P.McAfee,00-0027145,yes,IND,P,,,,,,,,,,,,,,,1,,,,,,,,,,,,,,,,,,,1,5,,1,,,,,,365,,,,,,,,,,,,,,,,,,,,,,,,35,1,46,4,4,,153,,,,,,,,,,,,,,,,,,,,,,,,,,
G.Brackett,00-0021484,yes,IND,,4,0,,,,0,,,1,,,0,,,3,,2,,,,,,,,,,,,,,,,,,,,,,,,,,,,,,,,,,,,,,,,,,,,,,,,,,,,,,,,,,,,,,,,,,,,,,,,,,,,,,,,,,
D.Keller,00-0026170,no,NYJ,,,,,,,,,,,,,,,,,,,,,,,,,,,,,,,,,,,,,,,,,,,,,,,,,,,,,,,,,,,,,,,,,,,,,,,,,,,,,,,,,,,46,0,14,24,0,0,0,,47,121,,,,,,,,
M.Sanchez,00-0026898,no,NYJ,QB,,,,,,,,,,,,,,,,,,1,1,1,,1,1,-8,2,1,-8,,,,,,,,,,,,,,,,,,,,,,,,89,54,339,35,469,1,1,3,-19,5,0,0,,616,1,5,,,,,,,,,,,,,,,,,,,,,,,,,,5,11,0,0,0,0,,11
J.Tryon,00-0026264,yes,IND,,1,0,,,,1,,23,1,,,0,,,2,,,,,,,,,,,,,,,,,,,,,,,,,,,,,,,,,,,,,,,,,,,,,,,,,,,,,,,,,,,,,,,,,,,,,,,,,,,,,,,,,,,,
L.Tomlinson,00-0020536,no,NYJ,,,,,,,,,,,,,,,,,,,,0,1,,1,1,-1,1,1,-1,,,,,,,,,,,,,,,,,,,,,,,,,,,,,,,,,,,,,,,,,,,,,,,,,,,,,,,20,7,6,8,1,0,0,,26,19,35,47,1,2,0,0,,141
P.Angerer,00-0027892,yes,IND,,0,0,,,,0,,,,,,0,,,5,1,,,,,,,,,,,,,,,,,,,,,,,,,,,,,,,,,,,,,,,,,,,,,,,,,,,,,,,,,,,,,,,,,,,,,,,,,,,,,,,,,,,
K.Conner,00-0027831,yes,IND,ILB,0,0,,,,0,,,,1,,0,,,8,1,2,,,,,,,,,,,,,,,,,,,,,,,,,,,,,,,,,,,,,,,,,,,,,,,,,,,,,,,,,,,,,,,,,,,,,,,,,,,,,,,,,,
J.Cotchery,00-0022811,no,NYJ,WR,,,,,,,,,,,,,,,,,,,,,,,,,,,,,,,,,,,,,,,,,,,,11,,12,0,2,0,23,,,,,,,,,,,,,,,,,,,,,,,,20,3,20,0,2,0,2,20,82,4,12,18,1,0,0,,110,146,1,-4,0,0,0,0,,-4
C.Brown,00-0027362,yes,IND,,3,0,,,,0,,,,,,0,,,3,,,,,,,,,,,,,,,,,,,,,,,,,,,,,,,,,,,,,,,,,,,,,,,,,,,,,,,,,,,,,,,,,,,,,,,,,,,,,,,,,,,,
K.Dawson,00-0025629,yes,IND,,0,0,,,,0,,,,1,,0,,,2,,2,,,,,,,,,,,,,,,,,,,,,,,,,,,,,,,,,,,,,,,,,,,,,,,,,,,,,,,,,,,,,,,,,,,,,,,,,,,,,,,,,,
S.Weatherford,00-0024110,no,NYJ,,,,,,,,,,,,,,,,1,,,,,,,,,,,,,,,,,,,,,,,,,,,,,,,,,,,,,,,,,,,,,,,,,,,,90,3,163,15,15,6,614,,,,,,,,,,,,,,,,,,,,,,,,,,
D.Harris,00-0025434,no,NYJ,ILB,5,0,,,,1,,58,1,1,,0,,,25,2,8,,,,,,,,,,,,,,,,,,,,,,,,,,,,,,,,,,,,,,,,,,,,,,,,1,15,,,,,,,,,,,,,,,,,,,,,,,,,,,,,,,,,
M.Devito,00-0025689,no,NYJ,DE,3,1,,,,0,,,,,1,0,,,11,2,4,,,,,,,,,,,,,,,,,,,,,,,,,,,,,,,,,,,,,,,,,,,,,,,,1,5,,,,,,,,,,,,,,,,,,,,,,,,,,,,,,,,,
B.White,00-0027477,yes,IND,,,,,,,,,,,,,,,,,,,,,,,,,,,,,,,,,,,,,,,,,,,,,,,,,,,,,,,,,,,,,,,,,,,,,,,,,,,,1,,,,,,,23,0,6,8,0,0,0,,27,54,,,,,,,,
E.Smith,00-0024312,no,NYJ,,5,0,,,,0,,,4,,,0,,,21,1,4,,,,,,,,,,,,,,,,,,,,,,,,,,,0,,0,0,1,0,0,,,,,,,,,,,,,,,1,15,,,,,,,,,,,,,,,,,,,,,,,,,,,,,,,,,
D.Muir,00-0024692,yes,IND,,1,0,,,,0,,,,1,,1,-5,,2,1,1,,,,,,,,,,,,,,,,,,,,,,,,,,,,,,,,,,,,,,,,,,,,,,,,,,,,,,,,,,,,,,,,,,,,,,,,,,,,,,,,,,
S.Greene,00-0026899,no,NYJ,,,,,,,,,,,,,,,,,,,,,,,,,,,,,,,,,,,,,,,,,,,,,,,,,,,,,,,,,,,,,,,,,,1,15,,,,,,,,,,,,,,,,9,0,1,1,0,0,0,,7,9,45,51,16,1,0,0,,198
R.Mathews,00-0027829,yes,IND,DE,1,0,,,,0,,,,,,0,,,0,,,,,,,,,,,,,,,,,,,,,,,,,,,,,,,,,,,,,,,,,,,,,,,,,,,,,,,,,,,,,,,,,,,,,,,,,,,,,,,,,,,,
S.Holmes,00-0024240,no,NYJ,,,,,,,,,,,,,,,,,,,,,,,,,,,,,,,,,,,,,,,,,,,,,,,,,,,,,,,,,,,,,,,,,,,,,,,,,,,,,,,,,,,68,52,9,17,2,0,0,,33,127,,,,,,,,
D.Rhodes,00-0019863,yes,IND,,,,,,,,,,,,,,,,,,,,,,,,,,,,,,,,,,,,,,,,,,,,,22,,25,0,2,0,44,,,,,,,,,,,,,,,,,,,,,,,,,,,,,,,,12,0,1,1,0,0,0,,7,12,14,9,0,0,0,0,,33
T.Pryce,00-0013282,no,NYJ,,5,0,,,,0,,,,1,,1,-5,,3,1,,,,,,,,,,,,,,,,,,,,,,,,,,,,,,,,,,,,,,,,,,,,,,,,,,,,,,,,,,,,,,,,,,,,,,,,,,,,,,,,,,,
C.Pace,00-0022120,no,NYJ,OLB,0,1,,,,0,,,,3,,3,-25,,10,2,3,,,,,,,,,,,,,,,,,,,,,,,,,,,,,,,,,,,,,,,,,,,,,,,,,,,,,,,,,,,,,,,,,,,,,,,,,,,,,,,,,,
P.Wheeler,00-0026233,yes,IND,,1,,,,,,,,,,,,,,,,,,,,,,,,,,,,,,,,,,,,,,,,,,,,,,,,,,,,,,,,,,,,,,,,,,,,,,,,,,,,,,,,,,,,,,,,,,,,,,,,,,
T.Hagler,00-0023606,yes,IND,,0,0,,,,0,,,,,,0,,,3,,3,,,,,,,,,,,,,,,,,,,,,,,,,,,,,,,,,,,,,,,,,,,,,,,,,,,,,,,,,,,,,,,,,,,,,,,,,,,,,,,,,,
R.Mathis,00-0022059,yes,IND,OLB,0,0,,,,0,,,,,,0,,,2,,,,,,,,,,,,,,,,,,,,,,,,,,,,,,,,,,,,,,,,,,,,,,,,,,,,,,,,,,,,,,,,,,,,,,,,,,,,,,,,,,,,
A.Francisco,00-0023213,yes,IND,,0,0,,,,0,,,,,,0,,,5,,1,,,,,,,,,,,,,,,,,,,,,,,,,,,,,,,,,,,,,,,,,,,,,,,,,,,,,,,,,,,,,,,,,,,,,,,,,,,,,,,,,,
D.Freeney,00-0021146,yes,IND,,1,0,,,,0,,,,1,,0,,,3,,1,,,,,,,,,,,,,,,,,,,,,,,,,,,,,,,,,,,,,,,,,,,,,,,,,,,,,,,,,,,,,,,,,,,,,,,,,,,,,,,,,,
B.Thomas,00-0021081,no,NYJ,,2,0,,,,1,,1,1,,,0,,,4,2,,,,,,,,,,,,,,,,,,,,,,,,,,,,,,,,,,,,,,,,,,,,,,,,,,,,,,,,,,,,,,,,,,,,,,,,,,,,,,,,,,,
D.Lowery,00-0026253,no,NYJ,FS,1,0,,,,0,,,,,,0,,,6,,1,,,,,,,,,,,,,,,,,,,,,,,,,,,,,,,,,,,,,,,,,,,,,,,,,,,,,,,,,,,,,,,,,,,,,,,,,,,,,,,,,,
D.Revis,00-0025401,no,NYJ,CB,5,0,,,,0,,,2,,,0,,,10,,2,,,,,,,,,,,,,,,,,,,,,,,,,,,,,,,,,,,,,,,,,,,,,,,,,,,,,,,,,,,,,,,,,,,,,,,,,,,,,,,,,,
R.Wayne,00-0020498,yes,IND,,,,,,,,,,,,,,,,,,,,,,,,,,,,,,,,,,,,,,,,,,,,,,,,,,,,,,,,,,,,,,,,,,,,,,,,,,,,,,,,,,,1,0,1,1,0,0,0,,2,1,,,,,,,,
F.Moala,00-0027032,yes,IND,,0,0,,,,0,,,,,,0,,,2,,1,,,,,,,,,,,,,,,,,,,,,,,,,,,,,,,,,,,,,,,,,,,,,,,,,,,,,,,,,,,,,,,,,,,,,,,,,,,,,,,,,,
B.Edwards,00-0023438,no,NYJ,,,,,,,,,,,,,,,,,,,1,0,,,1,1,0,1,1,0,,,,,,,,,,,,,,,,,,,,,,,,,,,,,,,,,,,,,,1,5,,,,,,,,,,,,,,,,83,15,9,15,1,0,0,,29,164,,,,,,,,
E.Foster,00-0025991,yes,IND,,0,0,,,,0,,,,1,,0,,,3,,1,,,,,,,,,,,,,,,,,,,,,,,,,,,,,,,,,,,,,,,,,,,,,,,,,,,,,,,,,,,,,,,,,,,,,,,,,,,,,,,,,,
S.Pouha,00-0023523,no,NYJ,,7,0,,,,0,,,,1,,1,-3,,7,2,2,,,,,,,,,,,,,,,,,,,,,,,,,,,,,,,,,,,,,,,,,,,,,,,,,,,,,,,,,,,,,,,,,,,,,,,,,,,,,,,,,,
A.Vinatieri,00-0016919,yes,IND,K,,,,,,,,,,,,,,,,,,,,,,,,,,,,3,3,129,,,50,,,9,,1,0,1,0,1,,,,,,,,,,,,,,,,,,,,,,,,,,,,,,,,,,,,,,,,,,,,,,,,,,,,,,,,,
K.Wilson,00-0027879,no,NYJ,DB,,,,,,,,,,,,,,,,,,,,,,,,,,,,,,,,,,,,,,,,,,,,26,,26,0,1,0,26,,,,,,,,,,,,,,,,,,,,,,,,,,,,,,,,,,,,,,,,,,,,,,,,,
J.Lacey,00-0026674,yes,IND,,3,0,,,,0,,,,,,0,,,6,,,,,,,,,,,,,,,,,,,,,,,,,,,,,,,,,,,,,,,,,,,,,,,,,,,,,,,,,,,,,,,,,,,,,,,,,,,,,,,,,,,,
A.Bethea,00-0024421,yes,IND,SS,0,1,,,,0,,,,,,0,,,7,,1,,,,,,,,,,,,,,,,,,,,,,,,,,,,,,,,,,,,,,,,,,,,,,,,,,,,,,,,,,,,,,,,,,,,,,,,,,,,,,,,,,
D.Ferguson,00-0024219,no,NYJ,T,,,,,,,,,,,,,,,1,,,,,,,,,,,,,,,,,,,,,,,,,,,,,,,,,,,,,,,,,,,,,,,,,,2,10,,,,,,,,,,,,,,,,,,,,,,,,,,,,,,,,,
A.Cromartie,00-0024234,no,NYJ,CB,0,0,,,,0,,,,,,0,,,8,,2,,,,,,,,,,,,,,,,,,,,,,,,,,,69,,84,0,6,0,191,,,,,,,,,,,,,,,2,10,,,,,,,,-1,,-1,0,1,0,1,-1,,,,,,,,,,,,,,,,,,
M.Mulligan,00-0026008,no,NYJ,TE,,,,,,,,,,,,,,,,,,,,,,,,,,,,,,,,,,,,,,,,,,,,,,,,,,,,,,,,,,,,,,,,,,,,,,,,,,,,,,,,,,,,,1,,,,,,,,,,,,,,
K.Hamlin,00-0022049,yes,IND,,1,0,,,,0,,,,,,0,,,2,,1,,,,,,,,,,,,,,,,,,,,,,,,,,,,,,,,,,,,,,,,,,,,,,,,,,,,,,,,,,,,,,,,,,,,,,,,,,,,,,,,,,
J.Westerman,00-0026662,no,NYJ,,2,0,,,,0,,,,,,0,,,2,,,,,,,,,,,,,,,,,,,,,,,,,,,,,,,,,,,,,,,,,,,,,,,,,,1,15,,,,,,,,,,,,,,,,,,,,,,,,,,,,,,,,,
S.Ellis,00-0019545,no,NYJ,,0,0,,,,0,,,,2,,2,-16,,9,3,3,,,,,,,,,,,,,,,,,,,,,,,,,,,,,,,,,,,,,,,,,,,,,,,,,,,,,,,,,,,,,,,,,,,,,,,,,,,,,,,,,,
D.Coleman,00-0024403,no,NYJ,,1,0,,,,0,,,,1,,1,-9,,8,1,,,,,,,,,,,,,,,,,,,,,,,,,,,,,,,,,,,,,,,,,,,,,,,,,,,,,,,,,,,,,,,,,,,,,,,,,,,,,,,,,,,
J.Taylor,00-0016112,no,NYJ,,1,0,,,,0,,,,1,,0,,,6,,2,,,,,,,,,,,,,,,,,,,,,,,,,,,,,,,,,,,,,,,,,,,,,,,,,,,,,,,,,,,,,,,,,,,,,,,,,,,,,,,,,,
B.Smith,00-0024318,no,NYJ,,,,,,,,,,,,,,,,1,,,,,,,,,,,,,,,,,,,,,,,,,,,,,29,,41,0,3,0,40,,,,,,,,,,,,,,,,,,,,,,,,,,,,,,,,16,0,2,2,0,0,0,,20,25,2,8,0,0,0,0,,11
B.Hartsock,00-0022847,no,NYJ,,,,,,,,,,,,,,,,,,,,,,,,,,,,,,,,,,,,,,,,,,,,,,,,,,,,,,,,,,,,,,,,,,,,,,,,,,,,,,,,,,,5,0,1,3,0,0,0,,3,5,,,,,,,,
E.Cook,00-0026648,no,NYJ,,,,,,,,,,,,,,,,1,,,,,,,,,,,,,,,,,,,,,,,,,,,,,,,,,,,,,,,,,,,,,,,,,,,,,,,,,,,,,,,,,,,,,,,,,,,,,,,,,,,,
T.Smith,00-0026032,yes,IND,,,,,,,,,,,,,,,,1,,,,,,,,,,,,,,,,,,,,,,,,,,,,,,,,,,,,,,,,,,,,,,,,,,1,5,,,,,,,,,,,,,,,,,,,,,,,,,,,,,,,,,
O.Mare,00-0010373,no,SEA,,,,,,,,,,,,,,,,,,,,,,,,,,,,,3,3,98,,,69,4,13,9,,8,0,8,0,8,690,,,,,,,,,,,,,,,,,,,,,,,,,,,,,,,,,,,,,,,,,,,,,,,,,,,,,,,,
D.Brees,00-0020531,no,NO,QB,,,,,,,,,,,,,,,,,,,0,1,,0,,,1,0,0,,,,,,,,,,,,,,,,,,,,,,,,60,39,211,21,193,,0,1,-7,2,0,0,,404,1,10,,,,,,,,,,,,,,,,,,,,,,,,,,2,6,0,0,0,0,,6
J.Shockey,00-0021148,no,NO,,,,,,,,,,,,,,,,,,,,,,,,,,,,,,,,,,,,,,,,,,,,,,,,,,,,,,,,,,,,,,,,,,,,,,,,,,,,,,,,,,,19,0,2,4,0,0,0,,4,24,,,,,,,,
D.Hawthorne,00-0025999,no,SEA,OLB,4,0,1,,0,0,,,1,,,0,,,14,,3,,0,,,0,,,0,1,0,,,,,,,,,,,,,,,,,,,,,,,,,,,,,,,,,,,,,,1,5,,,,,,,,,,,,,,,,,,,,,,,,,,,,,,,,,
J.Babineaux,00-0022409,no,SEA,,5,0,,,,0,,,1,,,0,,,3,,1,,,,,,,,,,,,,,,,,,,,,,,,,,,,,,,,,,,,,,,,,,,,,,,,,,,,,,,,,,,,,,,,,,,,,,,,,,,,,,,,,,
K.Jennings,00-0024246,no,SEA,,4,0,,,,0,,,,,,0,,,6,,1,,,,,,,,,,,,,,,,,,,,,,,,,,,,,,,,,,,,,,,,,,,,,,,,,,,,,,,,,,,,,,,,,,,,,,,,,,,,,,,,,,
R.Bush,00-0024217,no,NO,RB,,,,,,,,,,,,,,,,,,,,,,,,,,,,,,,,,,,,,,,,,,,,,,,,,,,,,,,,,,,,,,,,,,,,,,,,,,,,,,,,,,14,0,5,6,0,0,0,,36,37,5,4,0,0,0,0,,12
B.Mebane,00-0025472,no,SEA,DT,1,0,,,,0,,,,,,0,,,8,2,,,,,,,,,,,,,,,,,,,,,,,,,,,,,,,,,,,,,,,,,,,,,,,,,,,,,,,,,,,,,,,,,,,,,,,,,,,,,,,,,,,
L.Milloy,00-0011326,no,SEA,,0,0,,,,0,,,,1,,0,,,10,,1,,,,,,,,,,,,,,,,,,,,,,,,,,,,,,,,,,,,,,,,,,,,,,,,,,,,,,,,,,,,,,,,,,,,,,,,,,,,,,,,,,
M.Colston,00-0024466,no,NO,WR,,,,,,,,,,,,,,,,,,,,,,,,,,,,,,,,,,,,,,,,,,,,,,,,,,,,,,,,,,,,,,,,,,,,,,,,,,,,,,,,,,30,0,4,8,0,0,0,,25,66,,,,,,,,
J.Jones,00-0022840,no,NO,,,,,,,,,,,,,,,,1,,,1,1,,,1,1,1,1,1,1,,,,,,,,,,,,,,,,,,,,,,,,,,,,,,,,,,,,,,,,,,,,,,,,,,,,,,,33,0,6,9,0,0,0,,77,61,15,15,5,2,0,0,,59
M.Trufant,00-0022046,no,SEA,,1,0,,,,0,,,1,,,0,,,10,,,,,,,,,,,,,,,,,,,,,,,,,,,,,,,,,,,,,,,,,,,,,,,,,,,,,,,,,,,,,,,,,,,,,,,,,,,,,,,,,,,,
G.Hartley,00-0025824,no,NO,K,,,,,,,,,,,,,,,,,,,,,,,,,,,,3,3,69,,,26,,2,9,,3,0,3,0,3,82,,,,,,,,,,,,,,,,,,,,,,,,,,,,,,,,,,,,,,,,,,,,,,,,,,,,,,,,
T.Morstead,00-0027114,no,NO,P,,,,,,,,,,,,,,,,,,,,,,,,,,,,,,,,,,,5,,,,,,,,268,,,,,,,,,,,,,,,,,,,,,,,,45,0,55,4,4,,191,,,,,,,,,,,,,,,,,,,,,,,,,,
J.Forsett,00-0026373,no,SEA,RB,,,,,,,,,,,,,,,,,,,,,,,,,,,,,,,,,,,,,,,,,,,,,1,,,,,,,,,,,,,,,,,,,,,,,,,,,,,,,,,,,,,25,0,5,8,0,0,0,,28,37,8,15,0,0,0,0,,29
S.Shanle,00-0022040,no,NO,,3,0,,,,0,,,,1,,1,-6,,3,1,1,,,,,,,,,,,,,,,,,,,,,,,,,,,,,,,,,,,,,,,,,,,,,,,,,,,,,,,,,,,,,,,,,,,,,,,,,,,,,,,,,,
M.Hasselbeck,00-0007091,no,SEA,QB,,,,,,,,,,,,,,,,,,,0,1,,0,,-2,1,0,-2,,,,,,,,,,,,,,,,,,,,,,,,81,48,338,33,291,1,1,3,-22,7,0,0,,530,,,,,,,,,,,,,,,,,,,,,,,,,,,,2,-1,0,0,0,0,,-1
M.Williams,00-0023452,no,SEA,,,,,,,,,,,,,,,,,,,,,,,,,,,,,,,,,,,,,,,,,,,,,,,,,,,,,,,,,,,,,,,,,,,,,,,,,,,,,,,,,,,45,41,9,21,3,0,0,,15,83,,,,,,,,
J.Greer,00-0022527,no,NO,,0,0,,,,1,,10,2,,,0,,,3,,,,,,,,,,,,,,,,,,,,,,,,,,,,,,,,,,,,,,,,,,,,,,,,,,,,,,,,,,,,,,,,,,,,,,,,,,,,,,,,,,,,
B.Obomanu,00-0024463,no,SEA,,,,,,,,,,,,,,,,,,,,0,,,1,1,0,0,1,0,,,,,,,,,,,,,,,,,,,,,,,,,,,,,,,,,,,,,,,,,,,,,,,,,,,,,,,64,0,9,19,0,0,0,,41,111,,,,,,,,
C.Clemons,00-0021577,no,SEA,DE,1,0,,,,0,,,2,3,,1,-6,,5,2,,,,,,,,,,,,,,,,,,,,,,,,,,,,,,,,,,,,,,,,,,,,,,,,,2,20,,,,,,,,,,,,,,,,,,,,,,,,,,,,,,,,,
C.Cole,00-0021684,no,SEA,DT,1,0,,,,0,,,1,,,0,,,5,,,,,,,,,,,,,,,,,,,,,,,,,,,,,,,,,,,,,,,,,,,,,,,,,,,,,,,,,,,,,,,,,,,,,,,,,,,,,,,,,,,,
L.Tatupu,00-0023480,no,SEA,,3,0,,,,0,,,1,1,,1,-3,,9,1,2,,,,,,,,,,,,,,,,,,,,,,,,,,,,,,,,,,,,,,,,,,,,,,,,,,,,,,,,,,,,,,,,,,,,,,,,,,,,,,,,,,
E.Thomas,00-0027866,no,SEA,FS,0,0,,,,0,,,1,,,0,,,12,,,,,,,,,,,,,,,,,,,,,,,,,,,,,,,,,,,,,,,,,,,,,,,,,,1,5,,,,,,,,,,,,,,,,,,,,,,,,,,,,,,,,,
J.Richardson,00-0025525,no,SEA,,1,0,,,,0,,,,,,0,,,1,,,,,,,,,,,,,,,,,,,,,,,,,,,,,,,,,,,,,,,,,,,,,,,,,,,,,,,,,,,,,,,,,,,,,,,,,,,,,,,,,,,,
L.Moore,00-0023310,no,NO,WR,,,,,,,,,,,,,,,,,,,,,,,,,,,,,,,,,,,,,,,,,,,,,,,,,,,,,,,,,,,,,,,,,,,,,,,,,,5,2,8,0,2,0,2,11,18,0,4,9,0,0,0,,9,49,,,,,,,,
W.Thurmond,00-0027711,no,SEA,SS,2,0,,,,0,,,,,,0,,,3,,,,,,,,,,,,,,,,,,,,,,,,,,,,,,,,,,,,,,,,,,,,,,,,,,1,4,,,,,,,,,,,,,,,,,,,,,,,,,,,,,,,,,
H.Evans,00-0020507,no,NO,,,,,,,,,,,,,,,,,,,,,,,,,,,,,,,,,,,,,,,,,,,,,,,,,,,,,,,,,,,,,,,,,,,,,,,,,,,,,,,,,,,8,1,4,5,1,0,0,,16,23,,,,,,,,
M.Robinson,00-0024315,no,SEA,,1,,,,,,,,,,,,,,2,,,,,,,,,,,,,,,,,,,,,,,,,,,,,18,,18,0,1,0,18,,,,,,,,,,,,,,,,,,,,,,,,,,,,,,,,3,0,1,1,0,0,0,,3,3,1,1,0,0,0,0,,1
J.Galette,00-0027551,no,NO,DE,,,,,,,,,,,,,,,1,,,,,,,,,,,,,,,,,,,,,,,,,,,,,,,,,,,,,,,,,,,,,,,,,,,,,,,,,,,,,,,,,,,,,,,,,,,,,,,,,,,,
M.Lynch,00-0025399,no,SEA,RB,,,,,,,,,,,,,,,,,,,,,,,,,,,,,,,,,,,,,,,,,,,,,,,,,,,,,,,,,,,,,,,,,,,,,,,,,,,,,,,,,,,,,1,,,,,,,23,71,67,1,0,0,,133
A.Brown,00-0021228,no,NO,,1,0,,,,0,,,1,,,0,,,5,2,3,,,,,,,,,,,,,,,,,,,,,,,,,,,,,,,,,,,,,,,,,,,,,,,,,,,,,,,,,,,,,,,,,,,,,,,,,,,,,,,,,,
P.Robinson,00-0027882,no,NO,DB,0,0,,,,0,,,1,,,0,,,1,,,,,,,,,,,,,,,,,,,,,,,,,,,,,,,,,,,,,,,,,,,,,,,,,,,,,,,,,,,,,,,,,,,,,,,,,,,,,,,,,,,,
R.Harper,00-0024258,no,NO,SS,1,0,,,,0,,,,,,0,,,4,,,,,,,,,,,,,,,,,,,,,,,,,,,,,,,,,,,,,,,,,,,,,,,,,,2,8,,,,,,,,,,,,,,,,,,,,,,,,,,,,,,,,,
D.Sharper,00-0014724,no,NO,,2,0,,,,0,,,,,,0,,,3,,1,,,,,,,,,,,,,,,,,,,,,,,,,,,,,,,,,,,,,,,,,,,,,,,,,,,,,,,,,,,,,,,,,,,,,,,,,,,,,,,,,,
J.Dunbar,00-0025838,no,NO,,3,0,,,,0,,,,,,0,,,4,,3,,,,,,,,,,,,,,,,,,,,,,,,,,,,,,,,,,,,,,,,,,,,,,,,,,,,,,,,,,,,,,,,,,,,,,,,,,,,,,,,,,
T.Porter,00-0026180,no,NO,DB,1,0,,,,0,,,,1,,0,,,4,2,,,,,,,,,,,,,,,,,,,,,,,,,,,,,,,,,,,,,,,,,,,,,,,,,,,,,,,,,,,,,,,,,,,,,,,,,,,,,,,,,,,
B.Stokley,00-0015754,no,SEA,,,,,,,,,,,,,,,,,,,,,,,,,,,,,,,,,,,,,,,,,,,,,,,,,,,,,,,,,,,,,,,,,,,,,,,,,,,,,,,,,,,66,54,12,15,2,0,0,,39,158,,,,,,,,
J.Carlson,00-0026178,no,SEA,,,,,,,,,,,,,,,,,,,,,,,,,,,,,,,,,,,,,,,,,,,,,,,,,,,,,,,,,,,,,,,,,,,,,,,,,,,,,,,,,,,25,11,4,4,2,0,0,,22,31,,,,,,,,
D.Henderson,00-0022929,no,NO,,,,,,,,,,,,,,,,,,,,,,,,,,,,,,,,,,,,,,,,,,,,,15,,20,0,4,0,60,,,,,,,,,,,,,,,,,,,,,,,,,,,,,,,,40,6,7,8,1,0,0,,10,77,,,,,,,,
W.Herring,00-0025548,no,SEA,,1,1,,,,0,,,1,,,0,,,6,,1,,,,,,,,,,,,,,,,,,,,,,,,,,,,,,,,,,,,,,,,,,,,,,,,,,,,,,,,,,,,,,,,,,,,,,,,,,,,,,,,,,
C.Terrill,00-0022692,yes,SEA,,0,0,,,,0,,,,,,0,,,1,,,,,,,,,,,,,,,,,,,,,,,,,,,,,,,,,,,,,,,,,,,,,,,,,,,,,,,,,,,,,,,,,,,,,,,,,,,,,,,,,,,,
A.Curry,00-0026981,no,SEA,,2,0,,,,1,,23,1,,,0,,,7,,,,,,,,,,,,,,,,,,,,,,,,,,,,,,,,,,,,,,,,,,,,,,,,,,,,,,,,,,,,,,,,,,,,,,,,,,,,,,,,,,,,
R.Meachem,00-0025414,no,NO,,,,,,,,,,,,,,,,,,,,,,,,,,,,,,,,,,,,,,,,,,,,,23,,27,0,3,0,70,,,,,,,,,,,,,,,,,,,,,,,,,,,,,,,,11,0,3,3,0,0,0,,3,29,,,,,,,,
Z.Strief,00-0024424,no,NO,T,,,,,,,,,,,,,,,,,,,,,,,,,,,,,,,,,,,,,,,,,,,,,,,,,,,,,,,,,,,,,,,,,1,5,,,,,,,,,,,,,,,,,,,,,,,,,,,,,,,,,
R.Humber,00-0026672,no,NO,ILB,,,,,,,,,,,,,,,2,,,,,,,,,,,,,,,,,,,,,,,,,,,,,,,,,,,,,,,,,,,,,,,,,,,,,,,,,,,,,,,,,,,,,,,,,,,,,,,,,,,,
L.Washington,00-0024332,no,SEA,,,,,,,,,,,,,,,,,,,,,,,,,,,,,,,,,,,,,,,,,,,,,47,,86,0,9,0,222,,,,,,,,,,,,,,,,,,,,,,,,12,2,12,0,1,0,1,12,10,0,1,1,0,0,0,,5,10,2,8,0,0,0,0,,8
J.Vilma,00-0022778,no,NO,,1,0,,,,0,,,,,,0,,,6,1,2,,,,,,,,,,,,,,,,,,,,,,,,,,,,,,,,,,,,,,,,,,,,,,,,,,,,,,,,,,,,,,,,,,,,,,,,,,,,,,,,,,
W.Smith,00-0022911,no,NO,,1,0,,,,0,,,,1,,0,,,2,,1,,,,,,,,,,,,,,,,,,,,,,,,,,,,,,,,,,,,,,,,,,,,,,,,,,,,,,,,,,,,,,,,,,,,,,,,,,,,,,,,,,
C.Morrah,00-0026963,no,SEA,,,,,,,,,,,,,,,,,,,,,,,,,,,,,,,,,,,,,,,,,,,,,,,,,,,,,,,,,,,,,,,,,,,,,,,,,,,,,,,,,,,49,0,4,6,0,0,0,,23,64,,,,,,,,
C.Nicks,00-0026304,no,NO,,,,,,,,,,,,,,,,,,,,,,,,,,,,,,,,,,,,,,,,,,,,,,,,,,,,,,,,,,,,,,,,,,1,5,,,,,,,,,,,,,,,,,,,,,,,,,,,,,,,,,
J.Ryan,00-0023742,no,SEA,P,,,,,,,,,,,,,,,1,,,,,,,,,,,,,,,,,,,,,,,,,,,,,,,,,,,,,,,,,,,,,,,,,,1,5,68,4,94,13,13,,470,,,,,,,,,,,,,,,,,,,,,,,,,,
R.Brock,00-0021340,no,SEA,,1,2,,,,0,,,,3,,2,-11,,5,2,2,,,,,,,,,,,,,,,,,,,,,,,,,,,,,,,,,,,,,,,,,,,,,,,,,,,,,,,,,,,,,,,,,,,,,,,,,,,,,,,,,,
S.Ellis,00-0026147,no,NO,,2,0,,,,0,,,,,,0,,,1,,,,,,,,,,,,,,,,,,,,,,,,,,,,,,,,,,,,,,,,,,,,,,,,,,,,,,,,,,,,,,,,,,,,,,,,,,,,,,,,,,,,
J.Charleston,00-0023847,no,NO,,0,0,,,,0,,,,,,0,,,2,,1,,,,,,,,,,,,,,,,,,,,,,,,,,,,,,,,,,,,,,,,,,,,,,,,,,,,,,,,,,,,,,,,,,,,,,,,,,,,,,,,,,
R.Martin,00-0022421,no,SEA,,,,,,,,,,,,,,,,3,,,,,,,,,,,,,,,,,,,,,,,,,,,,,,,,,,,,,,,,,,,,,,,,,,1,5,,,,,,,,,,,,,,,,28,0,2,2,0,0,0,,9,28,,,,,,,,
D.Thomas,00-0024301,no,NO,,,,,,,,,,,,,,,,,,,,,,,,,,,,,,,,,,,,,,,,,,,,,,,,,,,,,,,,,,,,,,,,,,,,,,,,,,,,,,,,,,,16,0,4,5,0,0,0,,13,38,,,,,,,,
L.Torrence,00-0023186,no,NO,,,,,,,,,,,,,,,,1,,,,,,,,,,,,,,,,,,,,,,,,,,,,,,,,,,,,,,,,,,,,,,,,,,,,,,,,,,,,,,,,,,,,,,,,,,,,,,,,,,,,
A.Waters,00-0025483,no,NO,,,,,,,,,,,,,,,,1,,,,,,,,,,,,,,,,,,,,,,,,,,,,,,,,,,,,,,,,,,,,,,,,,,1,6,,,,,,,,,,,,,,,,,,,,,,,,,,,,,,,,,
G.Tate,00-0027891,no,SEA,WR,,,,,,,,,,,,,,,,,,,,,,,,,,,,,,,,,,,,,,,,,,,,,,,,,,,,,,,,,,,,,,,,,,,,,,,,,,11,1,11,0,1,0,1,11,5,0,1,3,0,0,0,,7,5,1,13,0,0,0,0,,13
J.Wilkerson,00-0021960,no,NO,,0,0,,,,0,,,,,,0,,,1,,,,,,,,,,,,,,,,,,,,,,,,,,,,,,,,,,,,,,,,,,,,,,,,,,,,,,,,,,,,,,,,,,,,,,,,,,,,,,,,,,,,
R.Ayodele,00-0024073,no,NO,,0,0,,,,0,,,,,,0,,,1,,1,,,,,,,,,,,,,,,,,,,,,,,,,,,,,,,,,,,,,,,,,,,,,,,,,,,,,,,,,,,,,,,,,,,,,,,,,,,,,,,,,,
M.McCoy,00-0023498,no,SEA,,,,,,,,,,,,,,,,3,,,,,,,,,,,,,,,,,,,,,,,,,,,,,,,,,,,,,,,,,,,,,,,,,,,,,,,,,,,,,,,,,,,,,,,,,,,,,,,,,,,,
K.Mitchell,00-0021970,no,NO,,,,,,,,,,,,,,,,1,,,,,,,,,,,,,,,,,,,,,,,,,,,,,,,,,,,,,,,,,,,,,,,,,,,,,,,,,,,,,,,,,,,,,,,,,,,,,,,,,,,,
J.Stinchcomb,00-0022078,no,NO,,,,,,,,,,,,,,,,,,,,,,,,,,,,,,,,,,,,,,,,,,,,,,,,,,,,,,,,,,,,,,,,,,1,5,,,,,,,,,,,,,,,,,,,,,,,,,,,,,,,,,
K.Chancellor,00-0027733,no,SEA,SS,,,,,,,,,1,,,,,,1,,1,,,,,,,,,,,,,,,,,,,,,,,,,,,,,,,,,,,,,,,,,,,,,,,,,,,,,,,,,,,,,,,,,,,,,,,,,,,,,,,,,,
D.Wynn,00-0025615,no,NO,,,,,,,,,,,,,,,,,,,,,,,,,,,,,,,,,,,,,,,,,,,,,,,,,,,,,,,,,,,,,,,,,,,,,,,,,,,,,,,,,,,,,,,,,,,,,,,,,1,,1,
R.Succop,00-0026968,yes,KC,K,,,,,,,,,,,,,,,,,,,,,,,,,,,,0,0,,,,0,,2,0,1,1,0,1,0,1,139,,,,,,,,,,,,,,,,,,,,,,,,,,,,,,,,,,,,,,,,,,,,,,,,,,,,,,,,
R.Price,00-0026875,yes,KC,,,,,,,,,,,,,,,,1,,,,,,,,,,,,,,,,,,,,,,,,,,,,,,,,,,,,,,,,,,,,,,,,,,,,,,,,,,,,,,,,,,,,,,,,,,,,,,,,,,,,
J.Parmele,00-0026316,no,BAL,,1,,,,,,,,,,,,,,1,,1,,,,,,,,,,,,,,,,,,,,,,,,,,,47,,48,0,3,0,65,,,,,,,,,,,,,,,,,,,,,,,,,,,,,,,,,,,,,,,,,,4,6,0,0,0,0,,13
D.Mason,00-0010500,no,BAL,,,,,,,,,,,,,,,,,,,,,,,,,,,,,,,,,,,,,,,,,,,,,,,,,,,,,,,,,,,,,,,,,,1,10,,,,,,,,,,,,,,,,11,0,1,7,0,0,0,,1,11,,,,,,,,
J.Flacco,00-0026158,no,BAL,QB,,,,,,,,,,,,,,,,,,1,2,2,,1,1,0,3,1,0,,,,,,,,,,,,,,,,,,,,,,,,64,41,155,23,243,1,1,9,-51,3,0,0,,390,,,,,,,,,,,,,,,,,,,,,,,,,,,,9,13,0,0,0,0,,25
E.Berry,00-0027858,yes,KC,FS,1,0,,,,0,,,4,,,0,,,9,,,,,,,,,,,,,,,,,,,,,,,,,,,,,,,,,,,,,,,,,,,,,,,,,,1,5,,,,,,,,,,,,,,,,,,,,,,,,,,,,,,,,,
A.Boldin,00-0022084,no,BAL,WR,,,,,,,,,,,,,,,,,,,,,,,,,,,,,,,,,,,,,,,,,,,,,,,,,,,,,,,,,,,,,,,,,,,,,,,,,,,,,,,,,,25,4,6,12,1,0,0,,32,62,,,,,,,,
B.Carr,00-0026280,yes,KC,CB,0,0,,,,0,,,,,,0,,,3,,,,,,,,,,,,,,,,,,,,,,,,,,,,,,,,,,,,,,,,,,,,,,,,,,,,,,,,,,,,,,,,,,,,,,,,,,,,,,,,,,,,
R.Rice,00-0026195,no,BAL,,,,,,,,,,,,,,,,,,,1,1,,,0,,,1,0,0,,,,,,,,,,,,,,,,,,,,,,,,,,,,,,,,,,,,,,,,,,,,,,,,,,,,,,,19,9,12,14,1,0,0,,81,74,29,28,14,1,0,0,,89
J.Belcher,00-0026869,yes,KC,,4,0,,,,0,,,,2,,1.5,-9,,7,2,,,,,,,,,,,,,,,,,,,,,,,,,,,,,,,,,,,,,,,,,,,,,,,,,,,,,,,,,,,,,,,,,,,,,,,,,,,,,,,,,,,
B.Flowers,00-0026175,yes,KC,CB,0,0,,,,0,,,1,,,0,,,3,,,,,,,,,,,,,,,,,,,,,,,,,,,,,,,,,,,,,,,,,,,,,,,,,,,,,,,,,,,,,,,,,,,,,,,,,,,,,,,,,,,,
T.Heap,00-0020516,no,BAL,,,,,,,,,,,,,,,,,,,,,,,,,,,,,,,,,,,,,,,,,,,,,,,,,,,,,,,,,,,,,,,,,,,,,,,,,,,,,,,,,,,42,4,13,20,1,0,0,,59,151,,,,,,,,
S.Smith,00-0021679,yes,KC,,5,0,,,,0,,,,,,0,,,4,,,,,,,,,,,,,,,,,,,,,,,,,,,,,,,,,,,,,,,,,,,,,,,,,,,,,,,,,,,,,,,,,,,,,,,,,,,,,,,,,,,,
G.Dorsey,00-0026145,yes,KC,DE,3,0,,,,0,,,,2,,0,,,8,,,,,,,,,,,,,,,,,,,,,,,,,,,,,,,,,,,,,,,,,,,,,,,,,,,,,,,,,,,,,,,,,,,,,,,,,,,,,,,,,,,,
W.McGahee,00-0022178,no,BAL,,,,,,,,,,,,,,,,,,,,,,,,,,,,,,,,,,,,,,,,,,,,,,,,,,,,,,,,,,,,,,,,,,,,,,,,,,,,,,,,,,,18,0,4,4,0,0,0,,26,24,14,27,25,1,0,0,,48
D.Johnson,00-0023449,yes,KC,ILB,4,0,,,,0,,,,,,0,,,3,,1,,,,,,,,,,,,,,,,,,,,,,,,,,,,,,,,,,,,,,,,,,,,,,,,,,,,,,,,,,,,,,,,,,,,,,,,,,,,,,,,,,
B.Cundiff,00-0020972,no,BAL,,,,,,,,,,,,,,,,1,,,,,,,,,,,,,4,4,101,,,53,1,12,12,2,6,0,6,0,6,739,,,,,,,,,,,,,,,,,,,,,,,,,,,,,,,,,,,,,,,,,,,,,,,,,,,,,,,,
D.Ellerbe,00-0026857,no,BAL,LB,3,1,,,,0,,,,,,0,,,6,1,1,,,,,,,,,,,,,,,,,,,,,,,,,,,,,,,,,,,,,,,,,,,,,,,,,,,,,,,,,,,,,,,,,,,,,,,,,,,,,,,,,,
D.McCluster,00-0027651,yes,KC,RB,,,,,,,,,,,,,,,,,,1,1,,,0,,,1,0,0,,,,,,,,,,,,,,,,,20,,36,0,4,0,83,,,,,,,,,,,,,,,,,,,,,,,,,,,,,,,,8,0,4,4,0,0,0,,14,17,2,3,0,0,0,0,,5
M.Cassel,00-0023662,yes,KC,QB,,,,,,,,,,,,,,,,,,,,,,,,,,,,,,,,,,,,,,,,,,,,,,,,,,,18,9,30,9,155,3,3,3,-17,0,0,0,,70,1,10,,,,,,,,,,,,,,,,,,,,,,,,,,3,5,0,0,0,0,,6
J.McClain,00-0026407,no,BAL,,5,0,,,,0,,,,,,0,,,6,,1,,,,,,,,,,,,,,,,,,,,,,,,,,,,,,,,,,,,,,,,,,,,,,,,,,,,,,,,,,,,,,,,,,,,,,,,,,,,,,,,,,
T.Moeaki,00-0027695,yes,KC,,,,,,,,,,,,,,,,,,,,,,,,,,,,,,,,,,,,,,,,,,,,,,,,,,,,,,,,,,,,,,,,,,,,,,,,,,,,,,,,,,,22,0,1,4,0,0,0,,10,22,,,,,,,,
R.Lewis,00-0009889,no,BAL,,4,1,,,,0,,,,1,,1,-10,,9,1,3,,,,,,,,,,,,,,,,,,,,,,,,,,,,,,,,,,,,,,,,,,,,,,,,,,,,,,,,,,,,,,,,,,,,,,,,,,,,,,,,,,
J.Charles,00-0026213,yes,KC,RB,,1,1,,0,,,,,,,,,,2,,,1,1,,,0,,,1,1,0,,,,,,,,,,,,,,,,,,,,,,,,,,,,,,,,,,,,,,,,,,,,,,,,,,,,,,,15,0,1,2,0,0,0,,8,15,9,41,41,1,0,0,,82
L.Webb,00-0027060,no,BAL,CB,0,0,,,,0,,,,,,0,,,5,,,,,,,,,,,,,,,,,,,,,,,,,,,,,29,,38,0,2,0,59,,,,,,,,,,,,,,,1,5,,,,,,,,18,1,36,0,2,0,2,37,,,,,,,,,,,,,,,,,,
D.Colquitt,00-0023534,yes,KC,P,,,,,,,,,,,,,,,,,,,,,,,,,,,,,,,,,,,,,,,,,,,,,,,,,,,,,,,,,,,,,,,,,,,38,1,54,3,3,2,153,,,,,,,,,,,,,,,,,,,,,,,,,,
R.Edwards,00-0020286,yes,KC,,2,0,,,,0,,,,,,0,,,1,,,,,,,,,,,,,,,,,,,,,,,,,,,,,,,,,,,,,,,,,,,,,,,,,,,,,,,,,,,,,,,,,,,,,,,,,,,,,,,,,,,,
T.Hali,00-0024235,yes,KC,OLB,2,1,1,,0,0,,,1,1,,2,-8,,5,,,,0,,,0,,,0,1,0,,,,,,,,,,,,,,,,,,,,,,,,,,,,,,,,,,,,,,1,15,,,,,,,,,,,,,,,,,,,,,,,,,,,,,,,,,
J.Arenas,00-0027660,yes,KC,,0,0,,,,0,,,,,,0,,,3,,1,,,,,,,,,,,,,,,,,,,,,,,,,,,,,,,,,,,,,,,,,,,,,,,,,,,,,,,,,,1,,,,,,,,,,,,,,,,,,,,,,,,
M.Yanda,00-0025473,no,BAL,G,,,,,,,,,,,,,,,1,,,,,,,,,,,,,,,,,,,,,,,,,,,,,,,,,,,,,,,,,,,,,,,,,,,,,,,,,,,,,,,,,,,,,,,,,,,,,,,,,,,,
T.Suggs,00-0022161,no,BAL,OLB,1,1,,,,0,,,,6,,5,-25,,9,4,1,,,,,,,,,,,,,,,,,,,,,,,,,,,,,,,,,,,,,,,,,,,,,,,,,,,,,,,,,,,,,,,,,,,,,,,,,,,,,,,,,,
T.Houshmandzadeh,00-0020438,no,BAL,,,,,,,,,,,,,,,,,,,,,,,,,,,,,,,,,,,,,,,,,,,,,,,,,,,,,,,,,,,,,,,,,,,,,,,,,,,,,,,,,,,44,0,4,6,0,0,0,,35,66,,,,,,,,
E.Dickson,00-0027675,no,BAL,TE,1,,,,,,,,,,,,,,,,,,,,,,,,,,,,,,,,,,,,,,,,,,,,,,,,,,,,,,,,,,,,,,,,,,,,,,,,,,,,,,,,,2,0,1,1,0,0,0,,1,2,,,,,,,,
W.Gilberry,00-0026105,yes,KC,DE,,,,,,,,,,1,,,,,,,,,,,,,,,,,,,,,,,,,,,,,,,,,,,,,,,,,,,,,,,,,,,,,,,,,,,,,,,,,,,,,,,,,,,,,,,,,,,,,,,,,
S.Koch,00-0024417,no,BAL,P,,,,,,,,,,,,,,,,,,,,,,,,,,,,,,,,,,,,,,,,,,,,,,,,,,,,,,,,,,,,,,,,,,,74,4,97,6,6,1,277,,,,,,,,,,,,,,,,,,,,,,,,,,
D.Landry,00-0024360,no,BAL,,7,0,,,,1,,9,2,1,,0.5,-4,,8,3,1,,,,,,,,,,,,,,,,,,,,,,,,,,,,,,,,,,,,,,,,,,,,,,,,,,,,,,,,,,,,,,,,,,,,,,,,,,,,,,,,,,
C.Carr,00-0023008,no,BAL,,1,0,1,,0,0,,,,,,0,,,7,1,1,,0,,,0,,,0,1,0,,,,,,,,,,,,,,,,,,,,,,,,,,,,,,,,,,,,,,,,,,,,,,,,,,,,,,,,,,,,,,,,,,,,,,,,
J.Johnson,00-0022139,no,BAL,,2,0,,,,0,,,,,,0,,,2,1,,,,,,,,,,,,,,,,,,,,,,,,,,,,,,,,,,,,,,,,,,,,,,,,,,,,,,,,,,,,,,,,,,,,,,,,,,,,,,,,,,,
T.Jones,00-0019641,yes,KC,,,,,,,,,,,,,,,,,,,,,,,,,,,,,,,,,,,,,,,,,,,,,,,,,,,,,,,,,,,,,,,,,,,,,,,,,,,,,,,,,,,8,0,1,1,0,0,0,,5,8,5,10,0,0,0,0,,15
E.Reed,00-0021377,no,BAL,,1,0,1,,0,0,,,,,,0,,,6,,1,,0,,,0,,,0,1,0,,,,,,,,,,,,,,,,,,,,,,,,,,,,,,,,,,,,,,,,,,,,,,,,,,,,,,,,,,,,,,,,,,,,,,,,
B.McKinney,00-0024002,no,BAL,,1,0,1,,0,0,,,1,,,0,,,2,,,,0,,,0,,,0,1,0,,,,,,,,,,,,,,,,,,,,,,,,,,,,,,,,,,,,,,,,,,,,,,,,,,,,,,,,,,,,,,,,,,,,,,,,
T.Cody,00-0027665,no,BAL,,1,1,,,,0,,,,,,0,,,1,,,,,,,,,,,,,,,,,,,,,,,,,,,,,,,,,,,,,,,,,,,,,,,,,,1,2,,,,,,,,,,,,,,,,,,,,,,,,,,,,,,,,,
J.Wilson,00-0025442,no,BAL,DB,0,0,,,,1,,0,3,,,0,,,4,,,,,,,,,,,,,,,,,,,,,,,,,,,,,,,,,,,,,,,,,,,,,,,,,,1,37,,,,,,,,,,,,,,,,,,,,,,,,,,,,,,,,,
B.Albert,00-0026155,yes,KC,OT,,,,,,,,,,,,,,,,,,,,,,,,,,,,,,,,,,,,,,,,,,,,,,,,,,,,,,,,,,,,,,,,,1,5,,,,,,,,,,,,,,,,,,,,,,,,,,,,,,,,,
M.Vrabel,00-0016960,yes,KC,,3,0,,,,0,,,,,,0,,,0,,,,,,,,,,,,,,,,,,,,,,,,,,,,,,,,,,,,,,,,,,,,,,,,,,,,,,,,,,,,,,,,,,,,,,,,,,,,,,,,,,,,
J.McGraw,00-0021187,yes,KC,,1,0,,,,0,,,,,,0,,,2,,,,,,,,,,,,,,,,,,,,,,,,,,,,,,,,,,,,,,,,,,,,,,,,,,,,,,,,,,,,,,,,,,,,,,,,,,,,,,,,,,,,
H.Nakamura,00-0026346,no,BAL,,1,0,,,,1,,3,1,1,,1,-3,,2,1,1,1,1,,,0,,,1,0,0,,,,,,,,,,,,,,,,,,,,,,,,,,,,,,,,,,,,,,,,,,,,,,,,,,,,,,,,,,,,,,,,,,,,,,,,
V.Tucker,00-0027429,yes,KC,,,,,,,,,,,,,,,,,,,,,,,,,,,,,,,,,,,,,,,,,,,,,,,,,,,,,,,,,,,,,,,,,,,,,,,,,,,,,,,,,,,5,0,1,3,0,0,0,,3,5,,,,,,,,
P.Burgess,00-0025594,no,BAL,,1,,,,,,,,,,,,,,2,,2,,,,,,,,,,,,,,,,,,,,,,,,,,,,,,,,,,,,,,,,,,,,,,,,,,,,,,,,,,,,,,,,,,,,,,,,,,,,,,,,,,
C.Wiegmann,00-0017638,yes,KC,,,,,,,,,,,,,,,,1,,,,,,,,,,,,,,,,,,,,,,,,,,,,,,,,,,,,,,,,,,,,,,,,,,,,,,,,,,,,,,,,,,,,,,,,,,,,,,,,,,,,
T.Jackson,00-0026980,yes,KC,DE,1,0,,,,0,,,,1,,0.5,-2,,0,,,,,,,,,,,,,,,,,,,,,,,,,,,,,,,,,,,,,,,,,,,,,,,,,,,,,,,,,,,,,,,,,,,,,,,,,,,,,,,,,,,,
K.Curtis,00-0022001,yes,KC,,,,,,,,,,,,,,,,1,,,,,,,,,,,,,,,,,,,,,,,,,,,,,,,,,,,,,,,,,,,,,,,,,,,,,,,,,,,,,,,,,,,3,0,1,2,0,0,0,,0,3,,,,,,,,
C.Redding,00-0021998,no,BAL,DE,2,0,1,1,13,0,,,,2,,0.5,-9,1,0,,,,0,,,0,,,0,1,13,,,,,,,,,,,,,,,,,,,,,,,,,,,,,,,,,,,,,,1,10,,,,,,,,,,,,,,,,,,,,,,,,,,,,,,,,,
L.McClain,00-0025524,no,BAL,,,,,,,,,,,,,,,,1,,,,,,,,,,,,,,,,,,,,,,,,,,,,,11,,12,0,2,0,22,,,,,,,,,,,,,,,,,,,,,,,,,,,,,,,,,,,,,,,,,,1,1,0,0,0,0,,1
P.Kruger,00-0027033,no,BAL,OLB,1,0,,,,0,,,,2,,0.5,-9,,0,,,,,,,,,,,,,,,,,,,,,,,,,,,,,,,,,,,,,,,,,,,,,,,,,,,,,,,,,,,,,,,,,,,,,,,,,,,,,,,,,,,,
D.Stallworth,00-0021147,no,BAL,,,,,,,,,,,,,,,,,,,,,,,,,,,,,,,,,,,,,,,,,,,,,,,,,,,,,,,,,,,,,,,,,,1,10,,,,,,,,,,,,,,,,,,,,,,,,,,1,1,0,0,0,0,,1
K.Lewis,00-0027736,yes,KC,FS,0,0,,,,0,,,,,,0,,,3,,,,,,,,,,,,,,,,,,,,,,,,,,,,,,,,,,,,,,,,,,,,,,,,,,,,,,,,,,,,,,,,,,,,,,,,,,,,,,,,,,,,
D.Williams,00-0022707,yes,KC,,,,,,,,,,,,,,,,,,,,,,,,,,,,,,,,,,,,,,,,,,,,,,,,,,,,,,,,,,,,,,,,,,1,5,,,,,,,,,,,,,,,,,,,,,,,,,,,,,,,,,
J.Bush,00-0023918,no,GB,,1,0,,,,1,,1,1,1,,0,,,8,,1,,,,,,,,,,,,,,,,,,,,,,,,,,,,,,,,,,,,,,,,,,,,,,,,,,,,,,,,,,,,,,,,,,,,,,,,,,,,,,,,,,
G.Lawson,00-0026079,yes,PHI,,,,,,,,,,,,,,,,1,,,,,,,,,,,,,,,,,,,,,,,,,,,,,18,,24,0,3,0,55,,,,,,,,,,,,,,,1,10,,,,,,,,,,,,,,,,,,,,,,,,,,,,,,,,,
M.Crosby,00-0025580,no,GB,K,,,,,,,,,,,,,,,1,,,,,,,,,,,,,4,3,98,1,50,66,2,22,9,1,16,0,16,0,16,1333,,,,,,,,,,,,,,,,,,,,,,,,,,,,,,,,,,,,,,,,,,,,,,,,,,,,,,,,
D.Bishop,00-0025579,no,GB,,5,0,2,,7,0,,,,1,,1,-9,,21,5,2,,0,,,0,,,0,2,7,,,,,,,,,,,,,,,,,,,,,,,,,,,,,,,,,,,,,,1,5,,,,,,,,,,,,,,,,,,,,,,,,,,,,,,,,,
M.Vick,00-0020245,yes,PHI,QB,,,,,,,,,,,,,,,,,,,,,,,,,,,,,,,,,,,,,,,,,,,,,,,,,,,36,20,142,16,182,1,1,3,-22,1,1,0,1,292,,,,,,,,,,,,,,,,,,,,,,,,,,,,8,14,1,1,0,0,,33
J.Avant,00-0024324,yes,PHI,WR,,,,,,,,,,,,,,,,,,,,,,,,,,,,,,,,,,,,,,,,,,,,,,,,,,,,,,,,,,,,,,,,,,,,,,,,,,,,,,,,,,24,24,7,9,1,0,0,,18,93,,,,,,,,
C.Peprah,00-0024372,no,GB,,7,1,,,,0,,,,,,0,,,18,,,,,,,,,,,,,,,,,,,,,,,,,,,,,,,,,,,,,,,,,,,,,,,,,,,,,,,,,,,,,,,,,,,,,,,,,,,,,,,,,,,,
E.Walden,00-0026307,no,GB,OLB,0,1,,,,0,,,,1,,0,,,9,,,,,,,,,,,,,,,,,,,,,,,,,,,,,,,,,,,,,,,,,,,,,,,,,,,,,,,,,,,,,,,,,,,,,,,,,,,,,,,,,,,,
S.Rocca,00-0024515,yes,PHI,,,,,,,,,,,,,,,,,,,,,,,,,,,,,,,,,,,,,,,,,,,,,,,,,,,,,,,,,,,,,,,,,,,,36,1,52,4,4,,163,,,,,,,,,,,,,,,,,,,,,,,,,,
T.Crabtree,00-0026878,no,GB,,1,,,,,,,,,,,,,,3,,,,,,,,,,,,,,,,,,,,,,,,,,,,,,,,,,,,,,,,,,,,,,,,,,1,15,,,,,,,,,,,,,,,,8,7,2,3,1,0,0,,3,8,,,,,,,,
O.Gaither,00-0024382,yes,PHI,,,,1,,0,,,,,,,,,,1,,,,0,,,0,,,0,1,0,,,,,,,,,,,,,,,,,,,,,,,,,,,,,,,,,,,,,,,,,,,,,,,,,,,,,,,,,,,,,,,,,,,,,,,,
B.Underwood,00-0026934,no,GB,,1,,,,,,,,,,,,,,2,,,,1,1,,0,,,1,0,0,,,,,,,,,,,,,,,,,,,,,,,,,,,,,,,,,,,,,,,,,,,,,,,0,,0,0,1,0,1,0,,,,,,,,,,,,,,,,,,
L.McCoy,00-0027029,yes,PHI,RB,,,,,,,,,,,,,,,,,,1,0,,,0,,,1,0,0,,,,,,,,,,,,,,,,,,,,,,,,,,,,,,,,,,,,,,,,,,,,,,,,,,,,,,,16,0,4,7,0,1,0,1,40,36,12,9,0,0,0,0,,46
C.Woodson,00-0018227,no,GB,FS,3,0,,,,0,,,,1,,1,-7,,15,1,,,,,,,,,,,,,,,,,,,,,,,,,,,,29,,29,0,2,0,29,,,,,,,,,,,,,,,,,,,,,,,,,,,,,,,,,,,,,,,,,,,,,,,,,
C.Jenkins,00-0021706,no,GB,DE,0,0,,,,0,,,,2,,0.5,-5,,4,3,1,,,,,,,,,,,,,,,,,,,,,,,,,,,,,,,,,,,,,,,,,,,,,,,,1,15,,,,,,,,,,,,,,,,,,,,,,,,,,,,,,,,,
R.Cooper,00-0027758,yes,PHI,WR,,,,,,,,,,,,,,,1,,,,,,,,,,,,,,,,,,,,,,,,,,,,,,,,,,,,,,,,,,,,,,,,,,,,,,,,,,,,,,,,,,,11,0,2,4,0,0,0,,3,18,,,,,,,,
D.Akers,00-0000108,yes,PHI,,,,,,,,,,,,,,,,,,,,,,,,,,,,,3,1,29,2,75,29,1,4,3,1,1,0,1,0,1,265,,,,,,,,,,,,,,,,,,,,,,,,,,,,,,,,,,,,,,,,,,,,,,,,,,,,,,,,
A.Quarless,00-0027753,no,GB,TE,,,,,,,,,,,,,,,,,,,,,,,,,,,,,,,,,,,,,,,,,,,,,,,,,,,,,,,,,,,,,,,,,,,,,,,,,,,,,,,,,,28,0,5,10,0,0,0,,21,46,,,,,,,,
A.Rodgers,00-0023459,no,GB,QB,,,,,,,,,,,,,,,2,,,1,1,1,,1,1,0,2,1,0,,,,,,,,,,,,,,,,,,,,,,,,132,90,694,42,497,2,2,8,-53,9,0,0,,1094,2,10,,,,,,,,,,,,,,,,,,,,,,,,,,14,39,8,2,0,0,,54
K.Coleman,00-0027835,yes,PHI,FS,1,0,,,,0,,,,,,0,,,6,,,,,,,,,,,,,,,,,,,,,,,,,,,,,,,,,,,,,,,,,,,,,,,,,,,,,,,,,,,,,,,,,,,,,,,,,,,,,,,,,,,,
D.Driver,00-0004541,no,GB,,,,,,,,,,,,,,,,2,,,,,,,,,,,,,,,,,,,,,,,,,,,,,,,,,,,,,,,,,,,,,,,,,,,,,,,,,,,,,,,,,,,77,0,14,20,0,0,0,,48,169,,,,,,,,
J.Nelson,00-0026176,no,GB,WR,,,,,,,,,,,,,,,,,,,,,,,,,,,,,,,,,,,,,,,,,,,,19,,19,0,1,0,19,,,,,,,,,,,,,,,,,,,,,,,,,,,,,,,,74,35,21,29,2,0,0,,77,286,,,,,,,,
B.Jackson,00-0025450,no,GB,,,,,,,,,,,,,,,,,,,,,,,,,,,,,,,,,,,,,,,,,,,,,,,,,,,,,,,,,,,,,,,,,,,,,,,,,,,,,,,,,,,53,16,5,8,1,0,0,,62,64,6,28,0,0,0,0,,28
J.Chaney,00-0027814,yes,PHI,,0,1,,,,0,,,,,,0,,,10,,1,,,,,,,,,,,,,,,,,,,,,,,,,,,,,,,,,,,,,,,,,,,,,,,,,,,,,,,,,,,,,,,,,,,,,,,,,,,,,,,,,,
G.Jennings,00-0024267,no,GB,WR,,,,,,,,,,,,,,,,,,1,1,,,0,,,1,0,0,,,,,,,,,,,,,,,,,,,,,,,,,,,,,,,,,,,,,,1,5,,,,,,,,,,,,,,,,95,21,21,33,2,0,0,,75,303,,,,,,,,
D.Jackson,00-0026189,yes,PHI,WR,,,,,,,,,,,,,,,,,,,,,,,,,,,,,,,,,,,,,,,,,,,,,,,,,,,,,,,,,,,,,,,,,,,,,,,,,,14,1,14,0,1,0,1,14,28,0,2,4,0,0,0,,41,47,,,,,,,,
T.Masthay,00-0026664,no,GB,P,,,,,,,,,,,,,,,,,,,,,,,,,,,,,,,,,,,,,,,,,,,,,,,,,,,,,,,,,,,,,,,,,,,104,7,164,18,18,2,723,,,,,,,,,,,,,,,,,,,,,,,,,,
S.Shields,00-0027440,no,GB,CB,0,1,,,,2,,40,3,,,1,-10,,13,,,,,,,,,,,,,,,,,,,,,,,,,,,,,9,,9,0,1,0,9,,,,,,,,,,,,,,,1,23,,,,,,,,,,,,,,,,,,,,,,,,,,,,,,,,,
B.Celek,00-0025549,yes,PHI,TE,,,,,,,,,,,,,,,,,,,,,,,,,,,,,,,,,,,,,,,,,,,,,,,,,,,,,,,,,,,,,,,,,2,15,,,,,,,,,,,,,,,,16,0,2,4,0,0,0,,9,25,,,,,,,,
J.Harrison,00-0024359,yes,PHI,,,,,,,,,,,,,,,,,,,,,,,,,,,,,,,,,,,,,,,,,,,,,,,,,,,,,,,,,,,,,,,,,,,,,,,,,,,,,,,,,,,,,,,,,,,,,1,3,0,0,0,0,,3
J.Maclin,00-0026995,yes,PHI,WR,,,,,,,,,,,,,,,,,,,,,,,,,,,,,,,,,,,,,,,,,,,,,,,,,,,,,,,,,,,,,,,,,,,,,,,,,,,,,,,,,,44,0,3,7,0,0,0,,39,73,,,,,,,,
A.Hawk,00-0024220,no,GB,OLB,5,0,,,,0,,,1,,,0,,,11,,,,,,,,,,,,,,,,,,,,,,,,,,,,,,,,,,,,,,,,,,,,,,,,,,,,,,,,,,,,,,,,,,,,,,,,,,,,,,,,,,,,
W.Justice,00-0024254,yes,PHI,,,,,,,,,,,,,,,,,,,,0,,,1,1,0,0,1,0,,,,,,,,,,,,,,,,,,,,,,,,,,,,,,,,,,,,,,3,20,,,,,,,,,,,,,,,,,,,,,,,,,,,,,,,,,
T.Williams,00-0024061,no,GB,CB,3,0,,,,3,1,79,4,,,0,,1,8,,,1,0,2,,2,2,0,3,2,0,,,,,,,,,,,,,,,,,,,,,,,,,,,,,,,,,,,,,,3,29,,,,,,,,13,2,21,0,6,0,6,31,,,,,,,,,,,,,,,,,,
J.Dorenbos,00-0021451,yes,PHI,LS,,,,,,,,,,,,,,,1,,,,,,,,,,,,,,,,,,,,,,,,,,,,,,,,,,,,,,,,,,,,,,,,,,,,,,,,,,,,,,,,,,,,,,,,,,,,,,,,,,,,
D.Patterson,00-0023727,yes,PHI,,0,0,,,,0,,,,,,0,,,3,,,,,,,,,,,,,,,,,,,,,,,,,,,,,,,,,,,,,,,,,,,,,,,,,,,,,,,,,,,,,,,,,,,,,,,,,,,,,,,,,,,,
J.Starks,00-0027791,no,GB,RB,,,,,,,,,,,,,,,,,,,,,,,,,,,,,,,,,,,,,,,,,,,,45,,58,0,5,0,70,,,,,,,,,,,,,,,,,,,,,,,,,,,,,,,,14,0,3,4,0,0,0,,21,15,81,70,4,1,0,0,,315
M.Fokou,00-0026951,yes,PHI,,0,0,,,,0,,,,,,0,,,3,1,,,,,,,,,,,,,,,,,,,,,,,,,,,,,,,,,,,,,,,,,,,,,,,,,,,,,,,,,,,,,,,,,,,,,,,,,,,,,,,,,,,
M.Patterson,00-0023466,yes,PHI,,0,0,,,,0,,,,,,0,,,4,1,,,,,,,,,,,,,,,,,,,,,,,,,,,,,,,,,,,,,,,,,,,,,,,,,,,,,,,,,,,,,,,,,,,,,,,,,,,,,,,,,,,
K.Clayton,00-0027721,yes,PHI,,0,0,,,,0,,,,1,,1,-8,,1,1,,,,,,,,,,,,,,,,,,,,,,,,,,,,,,,,,,,,,,,,,,,,,,,,,1,5,,,,,,,,,,,,,,,,,,,,,,,,,,,,,,,,,
Q.Mikell,00-0021512,yes,PHI,,1,0,,,,0,,,,,,0,,,3,,,,,,,,,,,,,,,,,,,,,,,,,,,,,,,,,,,,,,,,,,,,,,,,,,,,,,,,,,,,,,,,,,,,,,,,,,,,,,,,,,,,
J.Kuhn,00-0022999,no,GB,FB,1,,,,,,,,,,,,,,1,,,1,0,,,1,1,0,1,1,0,,,,,,,,,,,,,,,,,,,,,,,,,,,,,,,,,,,,,,,,,,,,,,,,,,,,,,,29,7,6,7,1,0,0,,52,53,6,9,1,1,0,0,,8
B.Raji,00-0026985,no,GB,NT,0,0,,,,1,1,18,2,4,,1,-9,1,5,1,1,,,,,,,,,,,,,,,,,,,,,,,,,,,,,,,,,,,,,,,,,,,,,,,,,,,,,,,,,,,,,,,,,,,,,,,,,,,,,,,,,,
R.Pickett,00-0020515,no,GB,,0,0,,,,0,,,,1,,0,,,9,,2,,,,,,,,,,,,,,,,,,,,,,,,,,,,,,,,,,,,,,,,,,,,,,,,,,,,,,,,,,,,,,,,,,,,,,,,,,,,,,,,,,
C.Matthews,00-0027002,no,GB,ILB,2,1,1,,0,0,,,1,4,,3.5,-30,,14,4,,,0,,,0,,,0,1,0,,,,,,,,,,,,,,,,,,,,,,,,,,,,,,,,,,,,,,,,,,,,,,,,,,,,,,,,,,,,,,,,,,,,,,,,
A.Dixon,00-0026541,yes,PHI,,0,0,,,,0,,,,,,0,,,3,,,,,,,,,,,,,,,,,,,,,,,,,,,,,,,,,,,,,,,,,,,,,,,,,,,,,,,,,,,,,,,,,,,,,,,,,,,,,,,,,,,,
Q.Johnson,00-0027106,no,GB,,,,,,,,,,,,,,,,,,,,,,,,,,,,,,,,,,,,,,,,,,,,,,,,,,,,,,,,,,,,,,,,,,1,5,,,,,,,,,,,,,,,,4,0,1,1,0,0,0,,5,4,,,,,,,,
E.Sims,00-0024224,yes,PHI,,0,0,,,,0,,,,,,0,,,2,,,,,,,,,,,,,,,,,,,,,,,,,,,,,,,,,,,,,,,,,,,,,,,,,,,,,,,,,,,,,,,,,,,,,,,,,,,,,,,,,,,,
J.Hanson,00-0021654,yes,PHI,,0,0,,,,0,,,,1,,0,,,1,,,,,,,,,,,,,,,,,,,,,,,,,,,,,,,,,,,,,,,,,,,,,,,,,,,,,,,,,,,,,,,,,,,,,,,,,,,,,,,,,,,,
J.Jones,00-0025465,no,GB,WR,,,,,,,,,,,,,,,,,,,,,,,,,,,,,,,,,,,,,,,,,,,,,,,,,,,,,,,,,,,,,,,,,,,,,,,,,,,,,,,,,,74,29,11,13,2,0,0,,36,144,,,,,,,,
J.Parker,00-0019986,yes,PHI,,1,0,1,,0,0,,,,,,0,,,5,1,,,0,,,0,,,0,1,0,,,,,,,,,,,,,,,,,,,,,,,,,,,,,,,,,,,,,,,,,,,,,,,,,,,,,,,,,,,,,,,,,,,,,,,,
A.Samuel,00-0021956,yes,PHI,,0,0,,,,0,,,1,,,0,,,1,,,,,,,,,,,,,,,,,,,,,,,,,,,,,,,,,,,,,,,,,,,,,,,,,,,,,,,,,,,,,,,,,,,,,,,,,,,,,,,,,,,,
T.Cole,00-0023579,yes,PHI,OLB,1,0,,,,0,,,,,,0,,,2,,,,,,,,,,,,,,,,,,,,,,,,,,,,,,,,,,,,,,,,,,,,,,,,,,,,,,,,,,,,,,,,,,,,,,,,,,,,,,,,,,,,
D.Tapp,00-0024278,yes,PHI,DE,0,1,,,,0,,,,,,1,-1,,1,,,,,,,,,,,,,,,,,,,,,,,,,,,,,,,,,,,,,,,,,,,,,,,,,,,,,,,,,,,,,,,,,,,,,,,,,,,,,,,,,,,,
B.Bunkley,00-0024229,yes,PHI,,0,0,,,,0,,,,,,0,,,2,,1,,,,,,,,,,,,,,,,,,,,,,,,,,,,,,,,,,,,,,,,,,,,,,,,,,,,,,,,,,,,,,,,,,,,,,,,,,,,,,,,,,
D.Colledge,00-0024262,no,GB,,,,,,,,,,,,,,,,,,,,,,,,,,,,,,,,,,,,,,,,,,,,,,,,,,,,,,,,,,,,,,,,,,2,15,,,,,,,,,,,,,,,,,,,,,,,,,,,,,,,,,
P.Lee,00-0026200,no,GB,,0,0,,,,0,,,,,,0,,,3,,,,,,,,,,,,,,,,,,,,,,,,,,,,,22,,28,0,2,0,44,,,,,,,,,,,,,,,,,,,,,,,,,,,,,,,,,,,,,,,,,,,,,,,,,
N.Collins,00-0023486,no,GB,,0,0,,,,1,1,37,1,,,0,,1,13,,,,,,,,,,,,,,,,,,,,,,,,,,,,,,,,,,,,,,,,,,,,,,,,,,1,15,,,,,,,,,,,,,,,,,,,,,,,,,,,,,,,,,
C.Hall,00-0027188,yes,PHI,,,,,,,,,,,,,,,,,,,,,,,,,,,,,,,,,,,,,,,,,,,,,,,,,,,,,,,,,,,,,,,,,,,,,,,,,,,1,,1,0,1,0,1,1,,,,,,,,,,,,,,,,,,
C.Wilson,00-0027822,no,GB,DT,1,0,,,,0,,,,2,,1,-8,,4,1,,,,,,,,,,,,,,,,,,,,,,,,,,,,,,,,,,,,,,,,,,,,,,,,,1,5,,,,,,,,,,,,,,,,,,,,,,,,,,,,,,,,,
J.Wynn,00-0026930,no,GB,DT,0,0,,,,0,,,,1,,1,-1,,1,1,,,,,,,,,,,,,,,,,,,,,,,,,,,,,,,,,,,,,,,,,,,,,,,,,,,,,,,,,,,,,,,,,,,,,,,,,,,,,,,,,,,
O.Schmitt,00-0026303,yes,PHI,,,,,,,,,,,,,,,,1,,,,,,,,,,,,,,,,,,,,,,,,,,,,,,,,,,,,,,,,,,,,,,,,,,,,,,,,,,,,,,,,,,,,,,,,,,,,,,,,,,,,
S.Suisham,00-0023001,no,PIT,K,,,,,,,,,,,,,,,1,,,,,,,,,,,,,5,3,88,2,95,88,3,17,9,2,9,0,9,0,9,1007,,,,,,,,,,,,,,,,,,,,,,,,,,,,,,,,,,,,,,,,,,,,,,,,,,,,,,,,
L.Timmons,00-0025402,no,PIT,ILB,3,0,,,,0,,,1,,,0,,,19,1,5,,,,,,,,,,,,,,,,,,,,,,,,,,,,,,,,,,,,,,,,,,,,,,,,,,,,,,,,,,,,,,,,,,,,,,,,,,,,,,,,,,
I.Taylor,00-0021891,no,PIT,,1,1,,,,0,,,2,1,,1,-7,,11,,1,,,,,,,,,,,,,,,,,,,,,,,,,,,,,,,,,,,,,,,,,,,,,,,,2,15,,,,,,,,,,,,,,,,,,,,,,,,,,,,,,,,,
J.Farrior,00-0005082,no,PIT,,6,0,,,,0,,,1,1,,0,,,9,,5,,,,,,,,,,,,,,,,,,,,,,,,,,,,,,,,,,,,,,,,,,,,,,,,,,,,,,,,,,,,,,,,,,,,,,,,,,,,,,,,,,
R.Clark,00-0020840,no,PIT,,5,1,,,,1,,17,2,,,0,,,12,2,1,,,,,,,,,,,,,,,,,,,,,,,,,,,,,,,,,,,,,,,,,,,,,,,,1,5,,,,,,,,,,,,,,,,,,,,,,,,,,,,,,,,,
R.Mendenhall,00-0026163,no,PIT,,,,,,,,,,,,,,,,1,,,2,2,,,0,,,2,0,0,,,,,,,,,,,,,,,,,,,,,,,,,,,,,,,,,,,,,,,,,,,,,,,,,,,,,,,38,0,4,5,0,0,0,,55,52,61,66,11,4,0,0,,230
K.Gregg,00-0006398,no,BAL,,4,0,,,,0,,,,,,0,,,0,,,,,,,,,,,,,,,,,,,,,,,,,,,,,,,,,,,,,,,,,,,,,,,,,,,,,,,,,,,,,,,,,,,,,,,,,,,,,,,,,,,,
H.Ward,00-0017162,no,PIT,,,,,,,,,,,,,,,,1,,,,,,,,,,,,,,,,,,,,,,,,,,,,,,,,,,,,,,,,,,,,,,,,,,1,11,,,,,,,,,,,,,,,,36,16,12,17,2,0,0,,34,117,,,,,,,,
A.Brown,00-0027793,no,PIT,WR,,,,,,,,,,,,,,,,,,,,,,,,,,,,,,,,,,,,,,,,,,,,65,,92,0,11,0,241,,,,,,,,,,,,,,,,,,,,,,,,9,,14,0,6,0,6,21,73,0,5,8,0,0,0,,23,90,,,,,,,,
B.Roethlisberger,00-0022924,no,PIT,QB,,,,,,,,,,,,,,,,,,1,1,2,,2,2,-2,3,2,-2,,,,,,,,,,,,,,,,,,,,,,,,91,54,374,37,588,4,4,9,-48,4,0,0,,622,2,10,,,,,,,,,,,,,,,,,,,,,,,,,,21,36,2,1,0,0,,63
M.Wallace,00-0026901,no,PIT,WR,,,,,,,,,,,,,,,1,,,,,,,,,,,,,,,,,,,,,,,,,,,,,,,,,,,,,,,,,,,,,,,,,,,,,,,,,,,,,,,,,,,51,25,13,26,1,0,0,,63,115,2,4,0,0,0,0,,-2
I.Redman,00-0026566,no,PIT,,,,,,,,,,,,,,,,,,,,,,,,,,,,,,,,,,,,,,,,,,,,,12,,12,0,1,0,12,,,,,,,,,,,,,,,,,,,,,,,,,,,,,,,,,,,,,,,,,,7,33,0,0,0,0,,50
E.Sanders,00-0027685,no,PIT,WR,2,,,,,,,,,,,,,,1,,,,,,,,,,,,,,,,,,,,,,,,,,,,,,,,,,,,,,,,,,,,,,,,,,,,,,,,,,,,,,,,,,,50,0,7,13,0,0,0,,23,91,,,,,,,,
E.Hood,00-0027008,no,PIT,DE,2,0,,,,0,,,,3,,2,-12,,8,2,1,,,,,,,,,,,,,,,,,,,,,,,,,,,,,,,,,,,,,,,,,,,,,,,,,,,,,,,,,,,,,,,,,,,,,,,,,,,,,,,,,,
B.Keisel,00-0021344,no,PIT,,8,0,1,,0,0,,,1,1,,0,,,6,1,2,,0,,,0,,,0,1,0,,,,,,,,,,,,,,,,,,,,,,,,,,,,,,,,,,,,,,,,,,,,,,,,,,,,,,,,,,,,,,,,,,,,,,,,
J.Harrison,00-0020712,no,PIT,OLB,4,0,,,,0,,,2,5,,4,-27,,11,5,4,,,,,,,,,,,,,,,,,,,,,,,,,,,,,,,,,,,,,,,,,,,,,,,,,,,,,,,,,,,,,,,,,,,,,,,,,,,,,,,,,,
A.Madison,00-0024095,no,PIT,,1,0,,,,0,,,,,,0,,,3,,,,,,,,,,,,,,,,,,,,,,,,,,,,,,,,,,,,,,,,,,,,,,,,,,1,33,,,,,,,,,,,,,,,,,,,,,,,,,,,,,,,,,
L.Woodley,00-0025433,no,PIT,OLB,3,0,1,,0,0,,,1,5,,3,-18,,7,4,,,0,,,0,,,0,1,0,,,,,,,,,,,,,,,,,,,,,,,,,,,,,,,,,,,,,,,,,,,,,,,,,,,,,,,,,,,,,,,,,,,,,,,,
B.Ayanbadejo,00-0000551,no,BAL,,3,,,,,,,,,,,,,,1,,1,,,,,,,,,,,,,,,,,,,,,,,,,,,,,,,,,,,,,,,,,,,,,,,,1,10,,,,,,,,,,,,,,,,,,,,,,,,,,,,,,,,,
K.Fox,00-0022697,no,PIT,,,,,,,,,,,,,,,,2,,,,,,,,,,,,,,,,,,,,,,,,,,,,,,,,,,,,,,,,,,,,,,,,,,3,28,,,,,,,,,,,,,,,,,,,,,,,,,,,,,,,,,
T.Gooden,00-0026211,no,BAL,,,,,,,,,,,,,,,,2,,2,,,,,,,,,,,,,,,,,,,,,,,,,,,,,,,,,,,,,,,,,,,,,,,,,,,,,,,,,,,,,,,,,,,,,,,,,,,,,,,,,,
H.Miller,00-0023465,no,PIT,TE,,,,,,,,,,,,,,,,,,,,,,,,,,,,,,,,,,,,,,,,,,,,,,,,,,,,,,,,,,,,,,,,,1,10,,,,,,,,,,,,,,,,52,9,9,15,1,0,0,,30,89,,,,,,,,
M.Smith,00-0026246,no,BAL,,1,,,,,,,,,,,,,,,,,,,,,,,,,,,,,,,,,,,,,,,,,,,,,,,,,,,,,,,,,,,,,,,,1,10,,,,,,,,,,,,,,,,,,,,,,,,,,,,,,,,,
H.Ngata,00-0024227,no,BAL,DT,1,0,,,,0,,,1,1,,0.5,-4,,3,,,,,,,,,,,,,,,,,,,,,,,,,,,,,,,,,,,,,,,,,,,,,,,,,,,,,,,,,,,,,,,,,,,,,,,,,,,,,,,,,,,,
J.Kapinos,00-0025786,no,PIT,,,,,,,,,,,,,,,,,,,,,,,,,,,,,,,,,,,,,,,,,,,,,,,,,,,,,,,,,,,,,,,,,,,,116,2,149,8,8,2,385,,,,,,,,,,,,,,,,,,,,,,,,,,
C.Hampton,00-0020426,no,PIT,,2,0,,,,0,,,1,,,0,,,3,,1,,,,,,,,,,,,,,,,,,,,,,,,,,,,,,,,,,,,,,,,,,,,,,,,,,,,,,,,,,,,,,,,,,,,,,,,,,,,,,,,,,
W.Gay,00-0025557,no,PIT,CB,1,0,1,1,19,0,,,2,,,0,,1,5,,,,0,,,0,,,0,1,19,,,,,,,,,,,,,,,,,,,,,,,,,,,,,,,,,,,,,,,,,,,,,,,,,,,,,,,,,,,,,,,,,,,,,,,,
K.Lewis,00-0026903,yes,PIT,CB,,,,,,,,,,,,,,,,,,,,,,,,,,,,,,,,,,,,,,,,,,,,,,,,,,,,,,,,,,,,,,,,,1,4,,,,,,,,,,,,,,,,,,,,,,,,,,,,,,,,,
C.Kemoeatu,00-0023362,no,PIT,,,,,,,,,,,,,,,,1,,,,,,,,,,,,,,,,,,,,,,,,,,,,,,,,,,,,,,,,,,,,,,,,,,2,25,,,,,,,,,,,,,,,,,,,,,,,,,,,,,,,,,
M.Moore,00-0022217,no,PIT,,,,,,,,,,,,,,,,,,,,,,,,,,,,,,,,,,,,,,,,,,,,,11,,11,0,1,0,11,,,,,,,,,,,,,,,,,,,,,,,,,,,,,,,,9,0,1,1,0,0,0,,3,9,6,11,0,0,0,0,,22
C.Chester,00-0024271,no,BAL,OG,,,,,,,,,,,,,,,1,,,,,,,,,,,,,,,,,,,,,,,,,,,,,,,,,,,,,,,,,,,,,,,,,,,,,,,,,,,,,,,,,,,,,,,,,,,,,,,,,,,,
T.Essex,00-0023528,yes,PIT,,,,,,,,,,,,,,,,,,,,,,,,,,,,,,,,,,,,,,,,,,,,,,,,,,,,,,,,,,,,,,,,,,1,5,,,,,,,,,,,,,,,,,,,,,,,,,,,,,,,,,
A.Randle El,00-0021190,no,PIT,,,,,,,,,,,,,,,,,,,,0,1,1,0,,,1,0,0,,,,,,,,,,,,,,,,,,,,,,,,,,,,,,,,,,,,,,,,,,,,,,,11,1,16,0,3,0,3,16,37,0,2,3,0,0,0,,14,50,,,,,1,1,,
L.Foote,00-0021246,yes,PIT,,,,,,,,,,,,,,,,2,,,,,,,,,,,,,,,,,,,,,,,,,,,,,,,,,,,,,,,,,,,,,,,,,,,,,,,,,,,,,,,,,,,,,,,,,,,,,,,,,,,,
M.Birk,00-0001263,no,BAL,,,,,,,,,,,,,,,,1,,,,,,,,,,,,,,,,,,,,,,,,,,,,,,,,,,,,,,,,,,,,,,,,,,,,,,,,,,,,,,,,,,,,,,,,,,,,,,,,,,,,
W.Allen,00-0022900,yes,PIT,SS,,,,,,,,,,,,,,,1,,1,,,,,,,,,,,,,,,,,,,,,,,,,,,,,,,,,,,,,,,,,,,,,,,,,,,,,,,,,,,,,,,,,,,,,,,,,,,,,,,,,,
T.Polamalu,00-0022119,no,PIT,,1,0,,,,0,,,,,,0,,,9,,2,,,,,,,,,,,,,,,,,,,,,,,,,,,,,,,,,,,,,,,,,,,,,,,,,,,,,,,,,,,,,,,,,,,,,,,,,,,,,,,,,,
C.Hoke,00-0019940,yes,PIT,,0,0,,,,0,,,,,,0,,,1,,1,,,,,,,,,,,,,,,,,,,,,,,,,,,,,,,,,,,,,,,,,,,,,,,,,,,,,,,,,,,,,,,,,,,,,,,,,,,,,,,,,,
D.Johnson,00-0026957,no,PIT,TE,,,,,,,,,,,,,,,,,,,,,,,,,,,,,,,,,,,,,,,,,,,,16,,16,0,1,0,16,,,,,,,,,,,,,,,1,5,,,,,,,,,,,,,,,,,,,,,,,,,,,,,,,,,
E.Weems,00-0024535,yes,ATL,WR,,,,,,,,,,,,,,,,,,,,,,,,,,,,,,,,,,,,,,,,,,,,32,,102,0,6,1,195,,,,,,,,,,,,,,,,,,,,,,,,,,,,,,,,,,,,,,,,,,,,,,,,,
R.Francois,00-0026581,no,GB,,1,0,,,,0,,,,,,0,,,4,,1,,,,,,,,,,,,,,,,,,,,,,,,,,,,,,,,,,,,,,,,,,,,,,,,,,,,,,,,,,,,,,,,,,,,,,,,,,,,,,,,,,
R.White,00-0023462,yes,ATL,WR,,,,,,,,,,,,,,,,,,,,,,,,,,,,,,,,,,,,,,,,,,,,,,,,,,,,,,,,,,,,,,,,,,,,,,,,,,,,,,,,,,12,6,6,10,1,0,0,,16,57,,,,,,,,
M.Ryan,00-0026143,yes,ATL,QB,,,,,,,,,,,,,,,,,,,1,1,,0,,-1,1,0,-1,,,,,,,,,,,,,,,,,,,,,,,,29,20,144,9,127,2,2,5,-37,1,0,0,,186,,,,,,,,,,,,,,,,,,,,,,,,,,,,1,0,0,0,0,0,,0
M.Turner,00-0022821,yes,ATL,,,,,,,,,,,,,,,,,,,,,,,,,,,,,,,,,,,,,,,,,,,,,,,,,,,,,,,,,,,,,,,,,,,,,,,,,,,,,,,,,,,,,,1,,,,,,,10,12,12,1,0,0,,39
H.Green,00-0021099,no,GB,,1,0,,,,0,,,,1,,0,,,0,,,,,,,,,,,,,,,,,,,,,,,,,,,,,,,,,,,,,,,,,,,,,,,,,,,,,,,,,,,,,,,,,,,,,,,,,,,,,,,,,,,,
J.Snelling,00-0025631,yes,ATL,,,,,,,,,,,,,,,,,,,,,,,,,,,,,,,,,,,,,,,,,,,,,22,,22,0,1,0,22,,,,,,,,,,,,,,,,,,,,,,,,,,,,,,,,4,0,2,2,0,0,0,,0,6,1,1,0,0,0,0,,1
M.Koenen,00-0023234,yes,ATL,,,,,,,,,,,,,,,,,,,,,,,,,,,,,,,,,,,2,4,,1,,,,,,212,,,,,,,,,,,,,,,,,,,,,,,,37,1,57,3,3,,111,,,,,,,,,,,,,,,,,,,,,,,,,,
K.Biermann,00-0026294,yes,ATL,OLB,3,0,,,,0,,,,2,,0.5,-10,,2,1,,,,,,,,,,,,,,,,,,,,,,,,,,,,,,,,,,,,,,,,,,,,,,,,,1,5,,,,,,,,,,,,,,,,,,,,,,,,,,,,,,,,,
C.Owens,00-0027062,yes,ATL,DB,2,0,,,,0,,,1,1,,0,,,5,,,,,,,,,,,,,,,,,,,,,,,,,,,,,,,,,,,,,,,,,,,,,,,,,,2,7,,,,,,,,,,,,,,,,,,,,,,,,,,,,,,,,,
S.Nicholas,00-0025496,yes,ATL,,1,1,,,,0,,,,,,0,,,4,,,,,,,,,,,,,,,,,,,,,,,,,,,,,,,,,,,,,,,,,,,,,,,,,,,,,,,,,,,,,,,,,,,,,,,,,,,,,,,,,,,,
B.Grimes,00-0024183,yes,ATL,CB,0,0,1,,-2,0,,,,,,0,,,7,,,,0,,,0,,,0,1,-2,,,,,,,,,,,,,,,,,,,,,,,,,,,,,,,,,,,,,,,,,,,,,,,,,,,,,,,,,,,,,,,,,,,,,,,,
M.Jenkins,00-0022781,yes,ATL,,,,,,,,,,,,,,,,,,,1,1,,,0,,,1,0,0,,,,,,,,,,,,,,,,,,,,,,,,,,,,,,,,,,,,,,1,10,,,,,,,,,,,,,,,,22,0,6,8,0,0,0,,8,67,,,,,,,,
O.Mughelli,00-0022143,yes,ATL,,,,,,,,,,,,,,,,,,,,,,,,,,,,,,,,,,,,,,,,,,,,,,,,,,,,,,,,,,,,,,,,,,,,,,,,,,,,,,,,,,,,,,,,,,,,,1,1,0,0,0,0,,1
M.Bryant,00-0020578,yes,ATL,K,,,,,,,,,,,,,,,,,,,,,,,,,,,,0,0,,,,0,,,0,,3,0,3,0,3,,,,,,,,,,,,,,,,,,,,,,,,,,,,,,,,,,,,,,,,,,,,,,,,,,,,,,,,,
J.Abraham,00-0019546,yes,ATL,,0,0,,,,0,,,,1,,1,-10,,1,1,,,,,,,,,,,,,,,,,,,,,,,,,,,,,,,,,,,,,,,,,,,,,,,,,1,5,,,,,,,,,,,,,,,,,,,,,,,,,,,,,,,,,
T.DeCoud,00-0026238,yes,ATL,,1,0,,,,0,,,,,,0,,,3,,1,,,,,,,,,,,,,,,,,,,,,,,,,,,,,,,,,,,,,,,,,,,,,,,,,,,,,,,,,,,,,,,,,,,,,,,,,,,,,,,,,,
C.Peters,00-0027686,yes,ATL,DT,1,0,,,,0,,,,,,0,,,4,1,,,,,,,,,,,,,,,,,,,,,,,,,,,,,,,,,,,,,,,,,,,,,,,,,,,,,,,,,,,,,,,,,,,,,,,,,,,,,,,,,,,
M.Peterson,00-0012871,yes,ATL,,2,0,,,,0,,,,,,0,,,4,2,1,,,,,,,,,,,,,,,,,,,,,,,,,,,,,,,,,,,,,,,,,,,,,,,,,,,,,,,,,,,,,,,,,,,,,,,,,,,,,,,,,,
C.Lofton,00-0026177,yes,ATL,MLB,4,0,,,,0,,,,,,0,,,5,,,,,,,,,,,,,,,,,,,,,,,,,,,,,,,,,,,,,,,,,,,,,,,,,,,,,,,,,,,,,,,,,,,,,,,,,,,,,,,,,,,,
J.Anderson,00-0025395,yes,ATL,,1,0,,,,0,,,,,,0,,,1,,,,,,,,,,,,,,,,,,,,,,,,,,,,,,,,,,,,,,,,,,,,,,,,,,,,,,,,,,,,,,,,,,,,,,,,,,,,,,,,,,,,
S.Weatherspoon,00-0027871,yes,ATL,LB,0,0,,,,0,,,,,,0,,,2,,,,,,,,,,,,,,,,,,,,,,,,,,,,,,,,,,,,,,,,,,,,,,,,,,,,,,,,,,,,,,,,,,,,,,,,,,,,,,,,,,,,
D.Robinson,00-0022735,yes,ATL,,2,0,,,,0,,,,,,0,,,4,,,,,,,,,,,,,,,,,,,,,,,,,,,,,,,,,,,,,,,,,,,,,,,,,,,,,,,,,,,,,,,,,,,,,,,,,,,,,,,,,,,,
J.Babineaux,00-0023494,yes,ATL,DT,3,0,,,,0,,,,1,,0.5,-10,,0,,,,,,,,,,,,,,,,,,,,,,,,,,,,,,,,,,,,,,,,,,,,,,,,,,,,,,,,,,,,,,,,,,,,,,,,,,,,,,,,,,,,
B.Finneran,00-0005231,yes,ATL,,,,,,,,,,,,,,,,,,,,,,,,,,,,,,,,,,,,,,,,,,,,,15,,15,0,1,0,15,,,,,,,,,,,,,,,1,0,,,,,,,,,,,,,,,,19,0,4,6,0,0,0,,19,47,,,,,,,,
H.Dahl,00-0023180,yes,ATL,,,,,,,,,,,,,,,,,,,,,,,,,,,,,,,,,,,,,,,,,,,,,,,,,,,,,,,,,,,,,,,,,,1,5,,,,,,,,,,,,,,,,,,,,,,,,,,,,,,,,,
W.Moore,00-0027031,yes,ATL,SS,0,0,,,,0,,,,,,0,,,6,,,,,,,,,,,,,,,,,,,,,,,,,,,,,,,,,,,,,,,,,,,,,,,,,,,,,,,,,,,,,,,,,,,,,,,,,,,,,,,,,,,,
E.Coleman,00-0022218,yes,ATL,,0,0,,,,0,,,,,,0,,,1,,,,,,,,,,,,,,,,,,,,,,,,,,,,,,,,,,,,,,,,,,,,,,,,,,,,,,,,,,,,,,,,,,,,,,,,,,,,,,,,,,,,
H.Douglas,00-0026224,yes,ATL,WR,,,,,,,,,,,,,,,,,,,,,,,,,,,,,,,,,,,,,,,,,,,,,,,,,,,,,,,,,,,,,,,,,,,,,,,,,,,,,,,,,,2,0,1,1,0,0,0,,0,2,,,,,,,,
D.Lee,00-0021929,no,GB,,,,,,,,,,,,,,,,,,,,,,,,,,,,,,,,,,,,,,,,,,,,,,,,,,,,,,,,,,,,,,,,,,2,15,,,,,,,,,,,,,,,,,,,1,,,,,,,,,,,,,,
B.Swain,00-0026357,no,GB,,1,,,,,,,,,,,,,,5,,,,0,,,1,1,0,0,1,0,,,,,,,,,,,,,,,,,,,,,,,,,,,,,,,,,,,,,,,,,,,,,,,,,,,,,,,,,,2,,,,,,,,,,,,,,
T.Gonzalez,00-0006101,yes,ATL,,,,,,,,,,,,,,,,,,,,,,,,,,,,,,,,,,,,,,,,,,,,,,,,,,,,,,,,,,,,,,,,,,,,,,,,,,,,,,,,,,,7,0,1,1,0,0,0,,-1,7,,,,,,,,
M.Wilhelm,00-0022009,no,GB,,1,,,,,,,,,,,,,,2,,,,,,,,,,,,,,,,,,,,,,,,,,,,,,,,,,,,,,,,,,,,,,,,,,,,,,,,,,,,,,,,,,,,,,,,,,,,,,,,,,,,
D.Briggs,00-0026763,no,GB,,1,,,,,,,,,,,,,,1,,1,,,,,,,,,,,,,,,,,,,,,,,,,,,,,,,,,,,,,,,,,,,,,,,,1,5,,,,,,,,,,,,,,,,,,,,,,,,,,,,,,,,,
G.Johnson,00-0027098,yes,ATL,,,,,,,,,,,,,,,,,,,,,,,,,,,,,,,,,,,,,,,,,,,,,,,,,,,,,,,,,,,,,,,,,,,,,,,,,,,,,,,,,,,,,,,,,,,,,1,4,0,0,0,0,,4
M.Flynn,00-0026349,no,GB,,,,,,,,,,,,,,,,,,,,,,,,,,,,,,,,,,,,,,,,,,,,,,,,,,,,,,,,,,,,,,,,,,,,,,,,,,,,,,,,,,,,,,,,,,,,,1,-1,0,0,0,0,,-1
S.Graham,00-0019536,yes,NE,,,,,,,,,,,,,,,,1,,,,,,,,,,,,,2,2,69,,,35,,5,6,,1,0,1,0,1,224,,,,,,,,,,,,,,,,,,,,,,,,,,,,,,,,,,,,,,,,,,,,,,,,,,,,,,,,
D.McCourty,00-0027647,yes,NE,FS,0,0,,,,0,,,,,,0,,,3,,,,,,,,,,,,,,,,,,,,,,,,,,,,,,,,,,,,,,,,,,,,,,,,,,,,,,,,,,,,,,,,,,,,,,,,,,,,,,,,,,,,
V.Wilfork,00-0022712,yes,NE,NT,0,0,,,,0,,,,,,0,,,5,1,1,,,,,,,,,,,,,,,,,,,,,,,,,,,,,,,,,,,,,,,,,,,,,,,,,,,,,,,,,,,,,,,,,,,,,,,,,,,,,,,,,,
J.Mayo,00-0026150,yes,NE,MLB,3,0,,,,0,,,,,,0,,,3,,1,,,,,,,,,,,,,,,,,,,,,,,,,,,,,,,,,,,,,,,,,,,,,,,,,,,,,,,,,,,,,,,,,,,,,,,,,,,,,,,,,,
P.Chung,00-0027010,yes,NE,SS,0,0,,,,0,,,,,,0,,,4,,2,,0,1,,1,1,-1,1,1,-1,,,,,,,,,,,,,,,,,,,,,,,,,,,,,,,,,,,,,,,,,,,,,,,,,,,,,,,,,,,,,,,,,1,0,0,0,0,0,,0
J.McKnight,00-0027712,no,NYJ,,,,,,,,,,,,,,,,1,,,,,,,,,,,,,,,,,,,,,,,,,,,,,,,,,,,,,,,,,,,,,,,,,,,,,,,,,,,,,,,,,,,,,,,,,,,,,1,2,0,0,0,0,,2
R.Ninkovich,00-0024349,yes,NE,DE,2,0,,,,0,,,2,,,0,,,2,,,,,,,,,,,,,,,,,,,,,,,,,,,,,,,,,,,,,,,,,,,,,,,,,,,,,,,,,,,,,,,,,,,,,,,,,,,,,,,,,,,,
W.Welker,00-0022427,yes,NE,,,,,,,,,,,,,,,,,,,,,,,,,,,,,,,,,,,,,,,,,,,,,,,,,,,,,,,,,,,,,,,,,,,,,,,,,,,,1,,,,,,,13,0,7,9,0,0,0,,24,57,,,,,,,,
D.Woodhead,00-0026019,yes,NE,RB,,,,,,,,,,,,,,,,,,1,0,,,0,,,1,0,0,,,,,,,,,,,,,,,,,,,,,,,,,,,,,,,,,,,,,,,,,,,,,,,,,,,,,,,19,0,6,9,0,0,0,,60,52,14,8,0,0,0,0,,46
T.Brady,00-0019596,yes,NE,QB,,,,,,,,,,,,,,,,,,1,0,,,0,,,1,0,0,,,,,,,,,,,,,,,,,,,,,,,,45,29,122,16,184,1,1,5,-40,2,0,0,,299,,,,,,,,,,,,,,,,,,,,,,,,,,,,2,3,0,0,0,0,,2
B.Tate,00-0027057,yes,NE,WR,,,,,,,,,,,,,,,,,,,,,,,,,,,,,,,,,,,,,,,,,,,,21,,33,0,5,0,108,,,,,,,,,,,,,,,,,,,,,,,,,,,,,,,,,,,1,,,,,,,1,11,0,0,0,0,,11
D.Branch,00-0021192,yes,NE,,,,,,,,,,,,,,,,,,,,,,,,,,,,,,,,,,,,,,,,,,,,,,,,,,,,,,,,,,,,,,,,,,1,5,,,,,,,,,,,,,,,,16,13,5,10,1,0,0,,12,59,,,,,,,,
R.Gronkowski,00-0027656,yes,NE,TE,,,,,,,,,,,,,,,,,,,,,,,,,,,,,,,,,,,,,,,,,,,,,,,,,,,,,,,,,,,,,,,,,,,,,,,,,,,,,,,,,,37,0,4,6,0,0,0,,41,65,,,,,,,,
M.Cole,00-0024588,no,NYJ,,1,0,,,,0,,,,,,0,,,1,,1,,,,,,,,,,,,,,,,,,,,,,,,,,,,,,,,,,,,,,,,,,,,,,,,,,,,,,,,,,,,,,,,,,,,,,,,,,,,,,,,,,
B.Green-Ellis,00-0025860,yes,NE,,,,,,,,,,,,,,,,,,,,0,,,1,1,0,0,1,0,,,,,,,,,,,,,,,,,,,,,,,,,,,,,,,,,,,,,,,,,,,,,,,,,,,,,,,7,0,2,3,0,0,0,,6,11,9,10,0,0,0,0,,43
A.Crumpler,00-0020285,yes,NE,,,,,,,,,,,,,,,,1,,,,,,,,,,,,,,,,,,,,,,,,,,,,,,,,,,,,,,,,,,,,,,,,,,,,,,,,,,,,,,,,,,,28,2,3,5,1,0,0,,16,39,,,,,,,,
E.Moore,00-0023619,yes,NE,,0,0,,,,0,,,,,,0,,,2,2,,,,,,,,,,,,,,,,,,,,,,,,,,,,,,,,,,,,,,,,,,,,,,,,,,,,,,,,,,,,,,,,,,,,,,,,,,,,,,,,,,,
D.Fletcher,00-0027237,yes,NE,LB,1,0,,,,0,,,,,,0,,,1,,,,,,,,,,,,,,,,,,,,,,,,,,,,,,,,,,,,,,,,,,,,,,,,,,1,5,,,,,,,,,,,,,,,,,,,,,,,,,,,,,,,,,
B.Meriweather,00-0025411,yes,NE,SS,1,0,,,,0,,,,,,0,,,3,,1,,,,,,,,,,,,,,,,,,,,,,,,,,,,,,,,,,,,,,,,,,,,,,,,,,,,,,,,,,,,,,,,,,,,,,,,,,,,,,,,,,
G.Guyton,00-0025821,yes,NE,,0,0,,,,0,,,,,,0,,,4,,1,,,,,,,,,,,,,,,,,,,,,,,,,,,,,,,,,,,,,,,,,,,,,,,,,,,,,,,,,,,,,,,,,,,,,,,,,,,,,,,,,,
K.Arrington,00-0026071,yes,NE,DB,0,0,,,,0,,,,,,0,,,2,,1,,,,,,,,,,,,,,,,,,,,,,,,,,,,,,,,,,,,,,,,,,,,,,,,,,,,,,,,,,,,,,,,,,,,,,,,,,,,,,,,,,
Z.Mesko,00-0027749,yes,NE,,,,,,,,,,,,,,,,,,,,,,,,,,,,,,,,,,,,,,,,,,,,,,,,,,,,,,,,,,,,,,,,,,,,41,0,55,4,4,1,188,,,,,,,,,,,,,,,,,,,,,,,,,,
S.Brown,00-0027232,yes,NE,FS,,,,,,,,,,,,,,,1,,,,,,,,,,,,,,,,,,,,,,,,,,,,,,,,,,,,,,,,,,,,,,,,,,1,5,,,,,,,,,,,,,,,,,,,,,,,,,,,,,,,,,
W.Hunter,00-0022000,no,NYJ,,,,,,,,,,,,,,,,,,,,,,,,,,,,,,,,,,,,,,,,,,,,,,,,,,,,,,,,,,,,,,,,,,1,5,,,,,,,,,,,,,,,,,,,,,,,,,,,,,,,,,
D.Butler,00-0027017,yes,NE,CB,0,0,,,,0,,,,,,0,,,1,,,,,,,,,,,,,,,,,,,,,,,,,,,,,,,,,,,,,,,,,,,,,,,,,,,,,,,,,,,,,,,,,,,,,,,,,,,,,,,,,,,,
B.Deaderick,00-0027838,yes,NE,,0,0,,,,0,,,,,,0,,,4,,,,,,,,,,,,,,,,,,,,,,,,,,,,,,,,,,,,,,,,,,,,,,,,,,,,,,,,,,,,,,,,,,,,,,,,,,,,,,,,,,,,
J.Mauga,00-0027170,no,NYJ,ILB,2,,,,,,,,,,,,,,1,,,,,,,,,,,,,,,,,,,,,,,,,,,,,,,,,,,,,,,,,,,,,,,,,,,,,,,,,,,,,,,,,,,,,,,,,,,,,,,,,,,,
T.White,00-0021645,yes,NE,,,,,,,,,,,,,,,,1,,,,,,,,,,,,,,,,,,,,,,,,,,,,,,,,,,,,,,,,,,,,,,,,,,,,,,,,,,,,,,,,,,,,,,,,,,,,,,,,,,,,
J.Sanders,00-0023567,yes,NE,,1,0,,,,0,,,,,,0,,,1,,,,,,,,,,,,,,,,,,,,,,,,,,,,,,,,,,,,,,,,,,,,,,,,,,1,9,,,,,,,,,,,,,,,,,,,,,,,,,,,,,,,,,
G.Warren,00-0020524,yes,NE,,0,0,,,,0,,,,,,0,,,1,,1,,,,,,,,,,,,,,,,,,,,,,,,,,,,,,,,,,,,,,,,,,,,,,,,,,,,,,,,,,,,,,,,,,,,,,,,,,,,,,,,,,
L.Mankins,00-0023467,yes,NE,G,,,,,,,,,,,,,,,,,,,0,,,1,1,0,0,1,0,,,,,,,,,,,,,,,,,,,,,,,,,,,,,,,,,,,,,,1,15,,,,,,,,,,,,,,,,,,,,,,,,,,,,,,,,,
J.Ihedigbo,00-0025753,no,NYJ,SS,1,0,,,,0,,,,,,0,,,2,,,,,,,,,,,,,,,,,,,,,,,,,,,,,,,,,,,,,,,,,,,,,,,,,,,,,,,,,,,,,,,,,,,,,,,,,,,,,,,,,,,,
J.Edelman,00-0027150,yes,NE,WR,,,,,,,,,,,,,,,,,,,,,,,,,,,,,,,,,,,,,,,,,,,,,,,,,,,,,,,,,,,,,,,,,,,,,,,,,,21,,41,0,2,0,2,42,12,0,1,1,0,0,0,,17,12,1,11,0,0,0,0,,11
T.Banta-Cain,00-0022038,yes,NE,,0,0,,,,0,,,,,,0,,,1,,1,,,,,,,,,,,,,,,,,,,,,,,,,,,,,,,,,,,,,,,,,,,,,,,,,,,,,,,,,,,,,,,,,,,,,,,,,,,,,,,,,,
K.Love,00-0027236,yes,NE,DT,1,0,,,,0,,,,,,0,,,0,,,,,,,,,,,,,,,,,,,,,,,,,,,,,,,,,,,,,,,,,,,,,,,,,,,,,,,,,,,,,,,,,,,,,,,,,,,,,,,,,,,,
A.Hernandez,00-0027713,yes,NE,,,,,,,,,,,,,,,,,,,,,,,,,,,,,,,,,,,,,,,,,,,,,,,,,,,,,,,,,,,,,,,,,,,,,,,,,,,,,,,,,,,4,0,1,1,0,0,0,,1,4,,,,,,,,
J.Cunningham,00-0027661,yes,NE,,1,0,,,,0,,,,,,0,,,1,1,,,,,,,,,,,,,,,,,,,,,,,,,,,,,,,,,,,,,,,,,,,,,,,,,,,,,,,,,,,,,,,,,,,,,,,,,,,,,,,,,,,
M.Light,00-0020543,yes,NE,,,,,,,,,,,,,,,,,,,,,,,,,,,,,,,,,,,,,,,,,,,,,,,,,,,,,,,,,,,,,,,,,,1,5,,,,,,,,,,,,,,,,,,,,,,,,,,,,,,,,,
S.Morris,00-0019484,yes,NE,,,,,,,,,,,,,,,,,,,,,,,,,,,,,,,,,,,,,,,,,,,,,,,,,,,,,,,,,,,,,,,,,,,,,,,,,,,,,,,,,,,,,,,,,,,,,,,,,1,1,,
M.Slater,00-0026293,yes,NE,WR,,,,,,,,,,,,,,,1,,,,,,,,,,,,,,,,,,,,,,,,,,,,,,,,,,,,,,,,,,,,,,,,,,,,,,,,,,,,,,,,,,,,,,,,,,,,,,,,,,,,
B.Spikes,00-0027668,yes,NE,,0,0,,,,0,,,,,,0,,,1,,1,,,,,,,,,,,,,,,,,,,,,,,,,,,,,,,,,,,,,,,,,,,,,,,,,,,,,,,,,,,,,,,,,,,,,,,,,,,,,,,,,,
J.Page,00-0024442,yes,NE,,,,,,,,,,,,,,,,1,,,,,,,,,,,,,,,,,,,,,,,,,,,,,,,,,,,,,,,,,,,,,,,,,,,,,,,,,,,,,,,,,,,,,,,,,,,,,,,,,,,,
N.Roach,00-0024750,yes,CHI,,1,,,,,,,,,,,,,,2,,,,,,,,,,,,,,,,,,,,,,,,,,,,,,,,,,,,,,,,,,,,,,,,,,,,,,,,,,,,,,,,,,,,,,,,,,,,,,,,,,,,
R.Gould,00-0023252,yes,CHI,K,,,,,,,,,,,,,,,1,,,,,,,,,,,,,0,0,,,,0,1,9,0,1,7,0,7,0,7,580,,,,,,,,,,,,,,,,,,,,,,,,,,,,,,,,,,,,,,,,,,,,,,,,,,,,,,,,
B.Urlacher,00-0019456,yes,CHI,,1,0,,,,1,,39,1,1,,1,-8,,16,3,2,,,,,,,,,,,,,,,,,,,,,,,,,,,,,,,,,,,,,,,,,,,,,,,,,,,,,,,,,,,,,,,,,,,,,,,,,,,,,,,,,,
I.Idonije,00-0021604,yes,CHI,,2,0,,,,0,,,,1,,0,,,1,1,,,,,,,,,,,,,,,,,,,,,,,,,,,,,,,,,,,,,,,,,,,,,,,,,,,,,,,,,,,,,,,,,,,,,,,,,,,,,,,,,,,
D.Hester,00-0024272,yes,CHI,WR,,,,,,,,,,,,,,,,,,,,,,,,,,,,,,,,,,,,,,,,,,,,30,,30,0,2,0,30,,,,,,,,,,,,,,,1,15,,,,,,,,20,3,37,0,5,0,5,46,6,0,2,8,0,0,0,,4,4,,,,,,,,
M.Forte,00-0026184,yes,CHI,RB,,,,,,,,,,,,,,,1,,,,0,,,1,1,0,0,1,0,,,,,,,,,,,,,,,,,,,,,,,,1,0,,1,13,1,1,,,0,0,0,,0,,,,,,,,,,,,,,,,,,50,0,13,18,0,0,0,,103,144,42,25,0,0,0,0,,150
K.Balmer,00-0026169,no,SEA,,0,0,,,,0,,,,,,0,,,3,,,,,,,,,,,,,,,,,,,,,,,,,,,,,,,,,,,,,,,,,,,,,,,,,,,,,,,,,,,,,,,,,,,,,,,,,,,,,,,,,,,,
J.Cutler,00-0024226,yes,CHI,QB,,,,,,,,,,,,,,,,,,2,0,,,0,,,2,0,0,,,,,,,,,,,,,,,,,,,,,,,,42,21,164,21,241,1,1,5,-28,2,0,0,,354,,,,,,,,,,,,,,,,,,,,,,,,,,,,10,30,9,2,0,0,,53
G.Olsen,00-0025418,yes,CHI,TE,,,,,,,,,,,,,,,,,,,,,,,,,,,,,,,,,,,,,,,,,,,,,,,,,,,,,,,,,,,,,,,,,,,,,,,,,,,,,,,,,,71,58,6,14,1,0,0,,61,143,,,,,,,,
D.Manning,00-0024257,yes,CHI,,1,0,,,,0,,,,,,0,,,7,1,,,,,,,,,,,,,,,,,,,,,,,,,,,,33,,33,0,2,0,33,,,,,,,,,,,,,,,,,,,,,,,,,,,,,,,,,,,,,,,,,,,,,,,,,
T.Jennings,00-0024277,yes,CHI,DB,3,0,,,,0,,,2,,,0,,,7,,,,,,,,,,,,,,,,,,,,,,,,,,,,,,,,,,,,,,,,,,,,,,,,,,3,43,,,,,,,,,,,,,,,,,,,,,,,,,,,,,,,,,
J.Knox,00-0026913,yes,CHI,,,,,,,,,,,,,,,,,,,1,0,,1,0,,,1,0,0,,,,,,,,,,,,,,,,,0,,0,0,1,0,0,,,,,,,,,,,,,,,,,,,,,,,,,,,,,,,,50,0,6,13,0,0,0,,31,104,,,,,,,,
B.Maynard,00-0010609,yes,CHI,,,,,,,,,,,,,,,,,,,,,,,,,,,,,,,,,,,,,,,,,,,,,,,,,,,,,,,,,,,,,,,,,,,,70,5,95,14,14,1,529,,,,,,,,,,,,,,,,,,,,,,,,,,
C.Harris,00-0023614,yes,CHI,,1,0,,,,0,,,,,,0,,,5,,3,,,,,,,,,,,,,,,,,,,,,,,,,,,,,,,,,,,,,,,,,,,,,,,,,,,,,,,,,,,,,,,,,,,,,,,,,,,,,,,,,,
C.Tillman,00-0022123,yes,CHI,CB,2,0,,,,0,,,3,,,0,,,5,,,,,,,,,,,,,,,,,,,,,,,,,,,,,,,,,,,,,,,,,,,,,,,,,,2,12,,,,,,,,,,,,,,,,,,,,,,,,,,,,,,,,,
E.Bennett,00-0026210,yes,CHI,,,,,,,,,,,,,,,,1,,,,,,,,,,,,,,,,,,,,,,,,,,,,,,,,,,,,,,,,,,,,,,,,,,,,,,,,,,,22,,22,0,1,0,1,22,48,35,4,9,1,0,0,,23,58,2,7,0,0,0,0,,7
C.Taylor,00-0021314,yes,CHI,,,,,,,,,,,,,,,,,,,,,,,,,,,,,,,,,,,,,,,,,,,,,,,,,,,,,,,,,,,,,,,,,,1,11,,,,,,,,,,,,,,,,12,0,1,1,0,0,0,,12,12,14,15,2,2,0,0,,46
R.Davis,00-0023429,yes,CHI,,,,,,,,,,,,,,,,1,,,,,,,,,,,,,,,,,,,,,,,,,,,,,16,,16,0,1,0,16,,,,,,,,,,,,,,,,,,,,,,,,,,,,,,,,,,,,,,,,,,,,,,,,,
D.Moore,00-0026907,yes,CHI,,0,0,,,,0,,,,,,0,,,10,,4,,,,,,,,,,,,,,,,,,,,,,,,,,,,,,,,,,,,,,,,,,,,,,,,,,,,,,,,,,,,,,,,,,,,,,,,,,,,,,,,,,
R.Okung,00-0027859,no,SEA,T,,,,,,,,,,,,,,,,,,,,,,,,,,,,,,,,,,,,,,,,,,,,,,,,,,,,,,,,,,,,,,,,,1,10,,,,,,,,,,,,,,,,,,,,,,,,,,,,,,,,,
F.Omiyale,00-0023596,yes,CHI,,,,,,,,,,,,,,,,,,,,,,,,,,,,,,,,,,,,,,,,,,,,,,,,,,,,,,,,,,,,,,,,,,2,10,,,,,,,,,,,,,,,,,,,,,,,,,,,,,,,,,
J.Webb,00-0027609,yes,CHI,OG,,,,,,,,,,,,,,,1,,,,0,,,1,1,0,0,1,0,,,,,,,,,,,,,,,,,,,,,,,,,,,,,,,,,,,,,,,,,,,,,,,,,,,,,,,,,,,,,,,,,,,,,,,,
J.Peppers,00-0021140,yes,CHI,OLB,0,0,,,,0,,,,1,,0,,,4,1,,,,,,,,,,,,,,,,,,,,,,,,,,,,,,,,,,,,,,,,,,,,,,,,,1,14,,,,,,,,,,,,,,,,,,,,,,,,,,,,,,,,,
M.Wright,00-0027680,yes,CHI,SS,1,0,,,,0,,,1,,,0,,,7,,1,,,,,,,,,,,,,,,,,,,,,,,,,,,,,,,,,,,,,,,,,,,,,,,,,,,,,,,,,,,,,,,,,,,,,,,,,,,,,,,,,,
L.Briggs,00-0022128,yes,CHI,,1,0,,,,1,,4,1,,,0,,,10,,,,,,,,,,,,,,,,,,,,,,,,,,,,,,,,,,,,,,,,,,,,,,,,,,,,,,,,,,,,,,,,,,,,,,,,,,,,,,,,,,,,
R.Wilson,00-0023652,yes,CHI,,,,,,,,,,,,,,,,,,,,,,,,,,,,,,,,,,,,,,,,,,,,,,,,,,,,,,,,,,,,,,,,,,2,11,,,,,,,,,,,,,,,,,,,,,,,,,,,,,,,,,
T.Harris,00-0022837,yes,CHI,,0,0,,,,0,,,,3,,2,-16,,2,2,,,,,,,,,,,,,,,,,,,,,,,,,,,,,,,,,,,,,,,,,,,,,,,,,,,,,,,,,,,,,,,,,,,,,,,,,,,,,,,,,,,
G.Wolfe,00-0025480,yes,CHI,,,,,,,,,,,,,,,,2,,,,,,,,,,,,,,,,,,,,,,,,,,,,,,,,,,,,,,,,,,,,,,,,,,,,,,,,,,,,,,,,,,,,,,,,,,,,,,,,,,,,
A.Adams,00-0022085,yes,CHI,,0,0,,,,0,,,,,,0,,,1,,,,,,,,,,,,,,,,,,,,,,,,,,,,,,,,,,,,,,,,,,,,,,,,,,,,,,,,,,,,,,,,,,,,,,,,,,,,,,,,,,,,
K.Davis,00-0026298,yes,CHI,TE,,,,,,,,,,,,,,,,,,,,,,,,,,,,,,,,,,,,,,,,,,,,8,,8,0,1,0,8,,,,,,,,,,,,,,,,,,,,,,,,,,,,,,,,39,39,2,3,1,0,0,,18,42,,,,,,,,
P.Tinoisamoa,00-0022050,yes,CHI,,0,0,,,,0,,,,,,0,,,3,,1,,,,,,,,,,,,,,,,,,,,,,,,,,,,,,,,,,,,,,,,,,,,,,,,1,5,,,,,,,,,,,,,,,,,,,,,,,,,,,,,,,,,
C.Wootton,00-0027603,yes,CHI,DE,0,0,,,,0,,,,,,0,,,1,,,,,,,,,,,,,,,,,,,,,,,,,,,,,,,,,,,,,,,,,,,,,,,,,,,,,,,,,,,,,,,,,,,,,,,,,,,,,,,,,,,,
H.Melton,00-0026905,yes,CHI,DT,0,0,,,,0,,,,1,,0,,,2,,,,,,,,,,,,,,,,,,,,,,,,,,,,,,,,,,,,,,,,,,,,,,,,,,1,9,,,,,,,,,,,,,,,,,,,,,,,,,,,,,,,,,
J.Bullocks,00-0023475,yes,CHI,,1,0,,,,0,,,,,,0,,,4,,1,,,,,,,,,,,,,,,,,,,,,,,,,,,,,,,,,,,,,,,,,,,,,,,,,,,,,,,,,,,,,,,,,,,,,,,,,,,,,,,,,,
O.Kreutz,00-0009472,yes,CHI,,,,,,,,,,,,,,,,,,,,,,,,,,,,,,,,,,,,,,,,,,,,,,,,,,,,,,,,,,,,,,,,,,1,15,,,,,,,,,,,,,,,,,,,,,,,,,,,,,,,,,
K.Cox,00-0026391,no,SEA,,,,,,,,,,,,,,,,,,,,,,,,,,,,,,,,,,,,,,,,,,,,,,,,,,,,,,,,,,,,,,,,,,1,5,,,,,,,,,,,,,,,,,,,,,,,,,,,,,,,,,
L.Laury,00-0023903,no,NYJ,,1,,,,,,,,,,,,,,,,,,,,,,,,,,,,,,,,,,,,,,,,,,,,,,,,,,,,,,,,,,,,,,,,,,,,,,,,,,,,,,,,,,,,,,,,,,,,,,,,,,
M.Spaeth,00-0025464,no,PIT,TE,,,,,,,,,,,,,,,,,,,,,,,,,,,,,,,,,,,,,,,,,,,,2,,2,0,1,0,2,,,,,,,,,,,,,,,,,,,,,,,,,,,,,,,,9,0,1,2,0,0,0,,3,9,,,,,,,,
A.Battle,00-0022064,yes,PIT,,,,,,,,,,,,,,,,3,,1,,,,,,,,,,,,,,,,,,,,,,,,,,,,,,,,,,,,,,,,,,,,,,,,,,,,,,,,,,,,,,,,,,,,,,,,,,,,,,,,,,
R.Turner,00-0025761,no,NYJ,,,,,,,,,,,,,,,,,,,,,,,,,,,,,,,,,,,,,,,,,,,,,6,,6,0,1,0,6,,,,,,,,,,,,,,,,,,,,,,,,,,,,,,,,,,,,,,,,,,,,,,,,,
B.McFadden,00-0023497,no,PIT,,0,0,,,,0,,,,,,0,,,4,,,,,,,,,,,,,,,,,,,,,,,,,,,,,,,,,,,,,,,,,,,,,,,,,,1,5,,,,,,,,,,,,,,,,,,,,,,,,,,,,,,,,,
R.Mundy,00-0026334,no,PIT,SS,2,,,,,,,,,,,,,,,,,,,,,,,,,,,,,,,,,,,,,,,,,,,,,,,,,,,,,,,,,,,,,,,,1,7,,,,,,,,,,,,,,,,,,,,,,,,,,,,,,,,,
B.Iwuh,00-0024100,yes,CHI,,,,,,,,,,,,,,,,1,,,,,,,,,,,,,,,,,,,,,,,,,,,,,,,,,,,,,,,,,,,,,,,,,,,,,,,,,,,,,,,,,,,,,,,,,,,,,,,,,,,,
C.Williams,00-0026154,yes,CHI,,,,,,,,,,,,,,,,,,,,,,,,,,,,,,,,,,,,,,,,,,,,,,,,,,,,,,,,,,,,,,,,,,1,5,,,,,,,,,,,,,,,,,,,,,,,,,,,,,,,,,
P.Mannelly,00-0010341,yes,CHI,,,,,,,,,,,,,,,,1,,1,,,,,,,,,,,,,,,,,,,,,,,,,,,,,,,,,,,,,,,,,,,,,,,,,,,,,,,,,,,,,,,,,,,,,,,,,,,,,,,,,,
C.Graham,00-0025555,yes,CHI,FS,,1,,,,,,,,,,,,,2,,1,,,,,,,,,,,,,,,,,,,,,,,,,,,,,,,,,,,,,,,,,,,,,,,,,,,,,,,,,,,,,,,,,,,,,,,,,,,,,,,,,,
T.Collins,00-0003315,yes,CHI,,,,,,,,,,,,,,,,,,,,,,,,,,,,,,,,,,,,,,,,,,,,,,,,,,,,4,0,,4,45,,0,,,0,0,0,,0,,,,,,,,,,,,,,,,,,,,,,,,,,,,,,,,,,,
S.Wells,00-0022832,no,GB,,,,,,,,,,,,,,,,,,,,,,,,,,,,,,,,,,,,,,,,,,,,,,,,,,,,,,,,,,,,,,,,,,1,10,,,,,,,,,,,,,,,,,,,,,,,,,,,,,,,,,
C.Clifton,00-0019702,no,GB,,,,,,,,,,,,,,,,,,,,,,,,,,,,,,,,,,,,,,,,,,,,,,,,,,,,,,,,,,,,,,,,,,1,10,,,,,,,,,,,,,,,,,,,,,,,,,,,,,,,,,
K.Hall,00-0025578,no,GB,,,,,,,,,,,,,,,,1,,,,,,,,,,,,,,,,,,,,,,,,,,,,,,,,,,,,,,,,,,,,,,,,,,1,5,,,,,,,,,,,,,,,,2,0,1,1,0,0,0,,0,2,,,,,,,,
C.Hanie,00-0025970,yes,CHI,,,,,,,,,,,,,,,,,,,,,,,,,,,,,,,,,,,,,,,,,,,,,,,,,,,,20,13,91,7,60,2,2,,,1,0,0,,153,1,10,,,,,,,,,,,,,,,,,,,,,,,,,,1,3,0,0,0,0,,3
F.Zombo,00-0027442,yes,GB,OLB,0,0,,,,0,,,,1,,1,-2,,5,2,,,,,,,,,,,,,,,,,,,,,,,,,,,,,,,,,,,,,,,,,,,,,,,,,,,,,,,,,,,,,,,,,,,,,,,,,,,,,,,,,,,
D.Legursky,00-0025829,no,PIT,C,,,,,,,,,,,,,,,1,,,,,,,,,,,,,,,,,,,,,,,,,,,,,,,,,,,,,,,,,,,,,,,,,,,,,,,,,,,,,,,,,,,,,,,,,,,,,,,,,,,,
R.Foster,00-0026561,no,PIT,G,,,,,,,,,,,,,,,,,,,,,,,,,,,,,,,,,,,,,,,,,,,,,,,,,,,,,,,,,,,,,,,,,1,10,,,,,,,,,,,,,,,,,,,,,,,,,,,,,,,,,
A.Bigby,00-0023404,yes,GB,,,,,,,,,,,,,,,,1,,,,,,,,,,,,,,,,,,,,,,,,,,,,,,,,,,,,,,,,,,,,,,,,,,,,,,,,,,,,,,,,,,,,,,,,,,,,,,,,,,,,
